INDIVID,SITE,HABITAT,HostSPP,YEAR,SEX,AGE,BactMiSeq,NumAnyBactPathos,BactPA,AnyMycoPA,VirusHV,VirusCPXV,VirusLCMV,Bartonella,Myco1,Myco2,Myco3,Myco4,Myco5,Myco6,Myco7,Myco8,Myco9,Myco10,Rickettsia,Neoehrlichia,Orientia,Brevinema,Spiroplasma,VirusTBE
BB10001,BOULT,Hedge,M_Ap_flav,2010,m,ADULT,1,1,1,0,0,0,0,1,0,0,0,0,0,0,0,0,0,0,0,0,0,0,0,0
BB10002,BOULT,Hedge,C_My_glar,2010,m,ADULT,0,NA,NA,NA,0,0,0,NA,NA,NA,NA,NA,NA,NA,NA,NA,NA,NA,NA,NA,NA,NA,NA,0
BB10003,BOULT,Hedge,M_Ap_sylv,2010,f,ADULT,1,1,1,0,0,0,0,1,0,0,0,0,0,0,0,0,0,0,0,0,0,0,0,0
BB10004,BOULT,Hedge,M_Ap_sylv,2010,m,ADULT,1,1,1,0,0,0,0,1,0,0,0,0,0,0,0,0,0,0,0,0,0,0,0,0
BB10005,BOULT,Hedge,C_Mi_subt,2010,m,NA,1,1,1,0,0,0,0,0,0,0,0,0,0,0,0,0,0,0,0,0,0,1,0,0
BB10006,BOULT,Hedge,C_Mi_agre,2010,m,ADULT,0,NA,NA,NA,0,1,0,NA,NA,NA,NA,NA,NA,NA,NA,NA,NA,NA,NA,NA,NA,NA,NA,0
BB10007,BOULT,Hedge,M_Ap_sylv,2010,m,ADULT,0,NA,NA,NA,0,0,0,NA,NA,NA,NA,NA,NA,NA,NA,NA,NA,NA,NA,NA,NA,NA,NA,0
BB10008,BOULT,Forest,C_Mi_agre,2010,m,ADULT,1,1,1,0,0,0,0,1,0,0,0,0,0,0,0,0,0,0,0,0,0,0,0,0
BB10009,BOULT,Hedge,C_Mi_subt,2010,f,ADULT,0,NA,NA,NA,0,0,0,NA,NA,NA,NA,NA,NA,NA,NA,NA,NA,NA,NA,NA,NA,NA,NA,0
BB10010,BOULT,Hedge,C_My_glar,2010,m,ADULT,0,NA,NA,NA,NA,NA,NA,NA,NA,NA,NA,NA,NA,NA,NA,NA,NA,NA,NA,NA,NA,NA,NA,NA
BB10011,BOULT,Hedge,C_My_glar,2010,NA,ADULT,1,1,1,0,0,0,0,1,0,0,0,0,0,0,0,0,0,0,0,0,0,0,0,0
BB10012,BOULT,Hedge,C_My_glar,2010,m,ADULT,1,2,1,1,NA,NA,NA,1,0,0,1,0,0,0,0,0,0,0,0,0,0,0,0,NA
BB10013,BOULT,Hedge,C_My_glar,2010,f,JUVENILE,0,NA,NA,NA,0,0,0,NA,NA,NA,NA,NA,NA,NA,NA,NA,NA,NA,NA,NA,NA,NA,NA,0
BB10014,BOULT,Hedge,C_My_glar,2010,f,ADULT,1,2,1,1,0,0,0,1,0,0,1,0,0,0,0,0,0,0,0,0,0,0,0,0
BB10015,BOULT,Hedge,C_My_glar,2010,m,ADULT,0,NA,NA,NA,0,0,0,NA,NA,NA,NA,NA,NA,NA,NA,NA,NA,NA,NA,NA,NA,NA,NA,0
BB10016,BOULT,Hedge,C_My_glar,2010,f,ADULT,1,1,1,1,0,0,0,0,0,0,0,0,0,0,0,0,1,0,0,0,0,0,0,0
BB10017,BOULT,Hedge,C_My_glar,2010,m,ADULT,0,NA,NA,NA,0,0,0,NA,NA,NA,NA,NA,NA,NA,NA,NA,NA,NA,NA,NA,NA,NA,NA,0
BB10018,BOULT,Hedge,C_My_glar,2010,f,ADULT,1,1,1,0,NA,NA,NA,1,0,0,0,0,0,0,0,0,0,0,0,0,0,0,0,NA
BB10019,BOULT,Hedge,C_Mi_arva,2010,f,ADULT,1,2,1,2,0,0,0,0,1,0,0,0,0,0,0,0,1,0,0,0,0,0,0,0
BB10020,BOULT,Hedge,C_My_glar,2010,f,ADULT,0,NA,NA,NA,0,0,0,NA,NA,NA,NA,NA,NA,NA,NA,NA,NA,NA,NA,NA,NA,NA,NA,0
BB10021,BOULT,Hedge,C_My_glar,2010,m,ADULT,0,NA,NA,NA,0,0,0,NA,NA,NA,NA,NA,NA,NA,NA,NA,NA,NA,NA,NA,NA,NA,NA,0
BB10022,BOULT,Hedge,C_My_glar,2010,m,ADULT,1,1,1,1,0,0,0,0,0,0,1,0,0,0,0,0,0,0,0,0,0,0,0,0
BB10023,BOULT,Hedge,M_Ap_sylv,2010,m,JUVENILE,0,NA,NA,NA,NA,NA,NA,NA,NA,NA,NA,NA,NA,NA,NA,NA,NA,NA,NA,NA,NA,NA,NA,NA
BB10024,BOULT,Hedge,C_My_glar,2010,m,JUVENILE,0,NA,NA,NA,0,0,0,NA,NA,NA,NA,NA,NA,NA,NA,NA,NA,NA,NA,NA,NA,NA,NA,0
BB10025,BOULT,Meadow,C_Mi_arva,2010,m,ADULT,1,4,1,2,0,0,0,1,1,0,1,0,0,0,0,0,0,0,0,0,1,0,0,0
BB10026,BOULT,Meadow,C_Mi_arva,2010,f,ADULT,1,2,1,1,0,1,0,0,1,0,0,0,0,0,0,0,0,0,0,0,1,0,0,0
BB10027,BOULT,Meadow,C_Mi_arva,2010,f,JUVENILE,1,2,1,1,0,0,0,1,1,0,0,0,0,0,0,0,0,0,0,0,0,0,0,0
BB10028,BOULT,Meadow,C_Mi_arva,2010,m,ADULT,1,3,1,1,0,0,0,1,1,0,0,0,0,0,0,0,0,0,0,0,1,0,0,0
BB10029,BOULT,Forest,C_My_glar,2010,f,JUVENILE,0,NA,NA,NA,0,0,0,NA,NA,NA,NA,NA,NA,NA,NA,NA,NA,NA,NA,NA,NA,NA,NA,0
BB10030,BOULT,Forest,C_My_glar,2010,f,ADULT,0,NA,NA,NA,0,1,0,NA,NA,NA,NA,NA,NA,NA,NA,NA,NA,NA,NA,NA,NA,NA,NA,0
BB10031,BOULT,Forest,C_My_glar,2010,f,JUVENILE,0,NA,NA,NA,0,0,0,NA,NA,NA,NA,NA,NA,NA,NA,NA,NA,NA,NA,NA,NA,NA,NA,0
BB10032,BOULT,Forest,C_My_glar,2010,m,ADULT,0,NA,NA,NA,0,0,0,NA,NA,NA,NA,NA,NA,NA,NA,NA,NA,NA,NA,NA,NA,NA,NA,0
BB10033,BOULT,Forest,C_My_glar,2010,f,ADULT,0,NA,NA,NA,0,1,0,NA,NA,NA,NA,NA,NA,NA,NA,NA,NA,NA,NA,NA,NA,NA,NA,0
BB10034,BOULT,Forest,M_Ap_flav,2010,m,ADULT,1,1,1,0,0,0,0,1,0,0,0,0,0,0,0,0,0,0,0,0,0,0,0,0
BB10035,BOULT,Forest,C_My_glar,2010,f,ADULT,0,NA,NA,NA,NA,NA,NA,NA,NA,NA,NA,NA,NA,NA,NA,NA,NA,NA,NA,NA,NA,NA,NA,NA
BB10036,BOULT,Meadow,C_Mi_arva,2010,f,ADULT,0,NA,NA,NA,1,1,0,NA,NA,NA,NA,NA,NA,NA,NA,NA,NA,NA,NA,NA,NA,NA,NA,0
BB10037,BOULT,Meadow,C_Mi_arva,2010,f,ADULT,0,NA,NA,NA,1,0,1,NA,NA,NA,NA,NA,NA,NA,NA,NA,NA,NA,NA,NA,NA,NA,NA,0
BB10038,BOULT,Hedge,C_My_glar,2010,m,ADULT,0,NA,NA,NA,0,0,0,NA,NA,NA,NA,NA,NA,NA,NA,NA,NA,NA,NA,NA,NA,NA,NA,0
BB10039,BOULT,Hedge,C_My_glar,2010,m,JUVENILE,0,NA,NA,NA,0,0,0,NA,NA,NA,NA,NA,NA,NA,NA,NA,NA,NA,NA,NA,NA,NA,NA,0
BB10040,BOULT,Hedge,M_Ap_sylv,2010,m,ADULT,1,2,1,1,0,0,0,1,0,1,0,0,0,0,0,0,0,0,0,0,0,0,0,0
BB10041,BOULT,Hedge,M_Ap_sylv,2010,m,ADULT,1,0,0,0,0,0,0,0,0,0,0,0,0,0,0,0,0,0,0,0,0,0,0,0
BB10042,BOULT,Hedge,C_My_glar,2010,f,ADULT,0,NA,NA,NA,0,1,0,NA,NA,NA,NA,NA,NA,NA,NA,NA,NA,NA,NA,NA,NA,NA,NA,0
BB10043,BOULT,Hedge,M_Ap_sylv,2010,m,JUVENILE,0,NA,NA,NA,0,0,0,NA,NA,NA,NA,NA,NA,NA,NA,NA,NA,NA,NA,NA,NA,NA,NA,0
BB10044,BOULT,Hedge,C_My_glar,2010,f,ADULT,0,NA,NA,NA,0,1,0,NA,NA,NA,NA,NA,NA,NA,NA,NA,NA,NA,NA,NA,NA,NA,NA,0
BB10045,BOULT,Hedge,C_My_glar,2010,f,ADULT,0,NA,NA,NA,0,1,0,NA,NA,NA,NA,NA,NA,NA,NA,NA,NA,NA,NA,NA,NA,NA,NA,0
BB10046,BOULT,Hedge,C_My_glar,2010,f,ADULT,0,NA,NA,NA,0,0,0,NA,NA,NA,NA,NA,NA,NA,NA,NA,NA,NA,NA,NA,NA,NA,NA,0
BB10047,BOULT,Hedge,C_My_glar,2010,m,ADULT,0,NA,NA,NA,0,0,0,NA,NA,NA,NA,NA,NA,NA,NA,NA,NA,NA,NA,NA,NA,NA,NA,0
BB10048,BOULT,Hedge,C_My_glar,2010,f,JUVENILE,0,NA,NA,NA,0,0,0,NA,NA,NA,NA,NA,NA,NA,NA,NA,NA,NA,NA,NA,NA,NA,NA,0
BB10049,BOULT,Hedge,C_My_glar,2010,m,JUVENILE,0,NA,NA,NA,0,1,0,NA,NA,NA,NA,NA,NA,NA,NA,NA,NA,NA,NA,NA,NA,NA,NA,0
BB10050,BOULT,Hedge,C_My_glar,2010,m,ADULT,1,1,1,1,0,0,0,0,0,0,1,0,0,0,0,0,0,0,0,0,0,0,0,0
BB10051,BOULT,Hedge,C_My_glar,2010,m,JUVENILE,0,NA,NA,NA,0,0,0,NA,NA,NA,NA,NA,NA,NA,NA,NA,NA,NA,NA,NA,NA,NA,NA,0
BB10052,BOULT,Hedge,C_My_glar,2010,f,JUVENILE,0,NA,NA,NA,0,0,0,NA,NA,NA,NA,NA,NA,NA,NA,NA,NA,NA,NA,NA,NA,NA,NA,0
BB10053,BOULT,Hedge,C_My_glar,2010,m,ADULT,0,NA,NA,NA,0,1,0,NA,NA,NA,NA,NA,NA,NA,NA,NA,NA,NA,NA,NA,NA,NA,NA,0
BB10054,BOULT,Hedge,C_My_glar,2010,m,ADULT,0,NA,NA,NA,0,0,0,NA,NA,NA,NA,NA,NA,NA,NA,NA,NA,NA,NA,NA,NA,NA,NA,0
BB10055,BOULT,Hedge,C_My_glar,2010,m,ADULT,0,NA,NA,NA,0,0,0,NA,NA,NA,NA,NA,NA,NA,NA,NA,NA,NA,NA,NA,NA,NA,NA,0
BB10056,BOULT,Hedge,C_My_glar,2010,m,JUVENILE,0,NA,NA,NA,0,1,0,NA,NA,NA,NA,NA,NA,NA,NA,NA,NA,NA,NA,NA,NA,NA,NA,0
BB10057,BOULT,Hedge,C_My_glar,2010,m,ADULT,0,NA,NA,NA,0,1,0,NA,NA,NA,NA,NA,NA,NA,NA,NA,NA,NA,NA,NA,NA,NA,NA,0
BB10058,BOULT,Hedge,C_My_glar,2010,f,ADULT,0,NA,NA,NA,0,0,0,NA,NA,NA,NA,NA,NA,NA,NA,NA,NA,NA,NA,NA,NA,NA,NA,0
BB10059,BOULT,Hedge,C_My_glar,2010,m,ADULT,1,2,1,2,0,0,0,0,0,0,1,0,0,0,0,0,1,0,0,0,0,0,0,0
BB10060,BOULT,Meadow,C_Mi_arva,2010,m,ADULT,0,NA,NA,NA,0,0,0,NA,NA,NA,NA,NA,NA,NA,NA,NA,NA,NA,NA,NA,NA,NA,NA,0
BB10061,BOULT,Meadow,C_Mi_arva,2010,f,JUVENILE,0,NA,NA,NA,0,0,0,NA,NA,NA,NA,NA,NA,NA,NA,NA,NA,NA,NA,NA,NA,NA,NA,0
BB10062,BOULT,Meadow,C_Mi_arva,2010,f,ADULT,1,4,1,3,0,0,0,1,1,0,1,0,0,0,0,1,0,0,0,0,0,0,0,0
BB10063,BOULT,Meadow,C_Mi_arva,2010,f,ADULT,1,3,1,1,NA,NA,NA,1,1,0,0,0,0,0,0,0,0,0,1,0,0,0,0,NA
BB10064,BOULT,Forest,C_My_glar,2010,m,ADULT,0,NA,NA,NA,0,1,0,NA,NA,NA,NA,NA,NA,NA,NA,NA,NA,NA,NA,NA,NA,NA,NA,0
BB10065,BOULT,Forest,M_Ap_flav,2010,f,ADULT,1,3,1,2,0,0,0,1,1,0,0,0,0,1,0,0,0,0,0,0,0,0,0,0
BB10066,BOULT,Forest,M_Ap_flav,2010,f,ADULT,1,1,1,0,0,0,0,1,0,0,0,0,0,0,0,0,0,0,0,0,0,0,0,0
BB10067,BOULT,Farm,M_Ra_norv,2010,m,ADULT,0,NA,NA,NA,0,0,0,NA,NA,NA,NA,NA,NA,NA,NA,NA,NA,NA,NA,NA,NA,NA,NA,0
BB10068,BOULT,Meadow,C_Mi_arva,2010,m,JUVENILE,1,2,1,1,0,1,0,1,1,0,0,0,0,0,0,0,0,0,0,0,0,0,0,0
BB10069,BOULT,Meadow,C_Ar_sche,2010,f,JUVENILE,0,NA,NA,NA,0,0,0,NA,NA,NA,NA,NA,NA,NA,NA,NA,NA,NA,NA,NA,NA,NA,NA,0
BB10070,BOULT,Meadow,C_Ar_sche,2010,f,ADULT,1,1,1,0,0,1,0,1,0,0,0,0,0,0,0,0,0,0,0,0,0,0,0,0
BB10071,BOULT,Meadow,C_Ar_sche,2010,m,ADULT,0,NA,NA,NA,0,1,0,NA,NA,NA,NA,NA,NA,NA,NA,NA,NA,NA,NA,NA,NA,NA,NA,0
BB10072,BOULT,Meadow,C_Ar_sche,2010,m,ADULT,0,NA,NA,NA,0,0,0,NA,NA,NA,NA,NA,NA,NA,NA,NA,NA,NA,NA,NA,NA,NA,NA,0
BB10073,BOULT,Meadow,C_Ar_sche,2010,m,ADULT,0,NA,NA,NA,0,1,0,NA,NA,NA,NA,NA,NA,NA,NA,NA,NA,NA,NA,NA,NA,NA,NA,0
BB10074,BOULT,Meadow,C_Ar_sche,2010,f,ADULT,0,NA,NA,NA,0,1,0,NA,NA,NA,NA,NA,NA,NA,NA,NA,NA,NA,NA,NA,NA,NA,NA,0
BB10075,BOULT,Meadow,C_Ar_sche,2010,f,ADULT,1,0,0,0,0,0,0,0,0,0,0,0,0,0,0,0,0,0,0,0,0,0,0,0
BB10076,BOULT,Meadow,C_Ar_sche,2010,m,ADULT,0,NA,NA,NA,0,1,0,NA,NA,NA,NA,NA,NA,NA,NA,NA,NA,NA,NA,NA,NA,NA,NA,0
BB10077,BOULT,Meadow,C_Ar_sche,2010,m,ADULT,1,0,0,0,NA,NA,NA,0,0,0,0,0,0,0,0,0,0,0,0,0,0,0,0,NA
BB10078,BOULT,Meadow,C_Ar_sche,2010,f,ADULT,0,NA,NA,NA,0,1,0,NA,NA,NA,NA,NA,NA,NA,NA,NA,NA,NA,NA,NA,NA,NA,NA,0
BB10079,BOULT,Hedge,C_My_glar,2010,f,ADULT,1,0,0,0,0,1,0,0,0,0,0,0,0,0,0,0,0,0,0,0,0,0,0,0
BB10080,BOULT,Hedge,C_My_glar,2010,m,ADULT,0,NA,NA,NA,0,0,0,NA,NA,NA,NA,NA,NA,NA,NA,NA,NA,NA,NA,NA,NA,NA,NA,0
BB10081,BOULT,Forest,C_My_glar,2010,m,ADULT,0,NA,NA,NA,0,0,0,NA,NA,NA,NA,NA,NA,NA,NA,NA,NA,NA,NA,NA,NA,NA,NA,0
BB10082,BOULT,Forest,C_My_glar,2010,f,JUVENILE,0,NA,NA,NA,0,0,0,NA,NA,NA,NA,NA,NA,NA,NA,NA,NA,NA,NA,NA,NA,NA,NA,0
BB10083,BOULT,Meadow,C_Mi_arva,2010,m,JUVENILE,1,2,1,1,0,0,0,1,1,0,0,0,0,0,0,0,0,0,0,0,0,0,0,0
BB10084,BOULT,Hedge,M_Ap_flav,2010,m,ADULT,1,1,1,0,0,0,0,1,0,0,0,0,0,0,0,0,0,0,0,0,0,0,0,0
BB10085,BOULT,Hedge,C_My_glar,2010,m,JUVENILE,0,NA,NA,NA,0,1,0,NA,NA,NA,NA,NA,NA,NA,NA,NA,NA,NA,NA,NA,NA,NA,NA,0
BB10086,BOULT,Hedge,C_My_glar,2010,m,ADULT,0,NA,NA,NA,0,0,0,NA,NA,NA,NA,NA,NA,NA,NA,NA,NA,NA,NA,NA,NA,NA,NA,0
BB10087,BOULT,Hedge,C_Mi_agre,2010,f,ADULT,0,NA,NA,NA,0,1,0,NA,NA,NA,NA,NA,NA,NA,NA,NA,NA,NA,NA,NA,NA,NA,NA,0
BB10088,BOULT,Hedge,C_My_glar,2010,f,ADULT,0,NA,NA,NA,0,0,0,NA,NA,NA,NA,NA,NA,NA,NA,NA,NA,NA,NA,NA,NA,NA,NA,0
BB10089,BOULT,Forest,C_My_glar,2010,m,ADULT,1,2,1,1,1,1,0,1,0,0,1,0,0,0,0,0,0,0,0,0,0,0,0,0
BB10090,BOULT,Forest,C_My_glar,2010,m,ADULT,0,NA,NA,NA,0,1,0,NA,NA,NA,NA,NA,NA,NA,NA,NA,NA,NA,NA,NA,NA,NA,NA,0
BB10091,BOULT,Forest,M_Ap_flav,2010,f,ADULT,1,1,1,0,0,1,0,1,0,0,0,0,0,0,0,0,0,0,0,0,0,0,0,0
BB10092,BOULT,Forest,C_My_glar,2010,m,ADULT,0,NA,NA,NA,0,1,0,NA,NA,NA,NA,NA,NA,NA,NA,NA,NA,NA,NA,NA,NA,NA,NA,0
BB10093,BOULT,Forest,C_My_glar,2010,f,ADULT,1,1,1,0,0,1,0,1,0,0,0,0,0,0,0,0,0,0,0,0,0,0,0,0
BB10094,BOULT,Meadow,C_Ar_sche,2010,f,ADULT,1,2,1,1,0,0,0,1,0,0,0,0,0,1,0,0,0,0,0,0,0,0,0,0
BB10095,BOULT,Meadow,C_Ar_sche,2010,m,ADULT,1,1,1,0,0,1,0,1,0,0,0,0,0,0,0,0,0,0,0,0,0,0,0,0
BB10096,BOULT,Meadow,C_Ar_sche,2010,m,ADULT,0,NA,NA,NA,0,0,0,NA,NA,NA,NA,NA,NA,NA,NA,NA,NA,NA,NA,NA,NA,NA,NA,0
BB10097,BOULT,Meadow,C_Ar_sche,2010,m,ADULT,0,NA,NA,NA,0,1,0,NA,NA,NA,NA,NA,NA,NA,NA,NA,NA,NA,NA,NA,NA,NA,NA,0
BB10098,BOULT,Meadow,C_Ar_sche,2010,m,ADULT,0,NA,NA,NA,NA,NA,NA,NA,NA,NA,NA,NA,NA,NA,NA,NA,NA,NA,NA,NA,NA,NA,NA,NA
BB10099,BOULT,Meadow,C_Ar_sche,2010,m,ADULT,0,NA,NA,NA,0,0,0,NA,NA,NA,NA,NA,NA,NA,NA,NA,NA,NA,NA,NA,NA,NA,NA,0
BB10100,BOULT,Meadow,C_Ar_sche,2010,m,ADULT,1,0,0,0,0,0,0,0,0,0,0,0,0,0,0,0,0,0,0,0,0,0,0,0
BB10101,BOULT,Meadow,C_Ar_sche,2010,f,ADULT,1,1,1,0,0,1,0,1,0,0,0,0,0,0,0,0,0,0,0,0,0,0,0,0
BB10102,BOULT,Meadow,C_Ar_sche,2010,m,ADULT,0,NA,NA,NA,0,0,0,NA,NA,NA,NA,NA,NA,NA,NA,NA,NA,NA,NA,NA,NA,NA,NA,0
BB10103,BOULT,Meadow,C_Ar_sche,2010,m,ADULT,0,NA,NA,NA,0,0,0,NA,NA,NA,NA,NA,NA,NA,NA,NA,NA,NA,NA,NA,NA,NA,NA,0
BB10104,BOULT,Meadow,C_Ar_sche,2010,f,ADULT,0,NA,NA,NA,0,1,0,NA,NA,NA,NA,NA,NA,NA,NA,NA,NA,NA,NA,NA,NA,NA,NA,0
BB10105,BOULT,Forest,C_My_glar,2010,f,JUVENILE,0,NA,NA,NA,0,1,0,NA,NA,NA,NA,NA,NA,NA,NA,NA,NA,NA,NA,NA,NA,NA,NA,0
BB10106,BOULT,Forest,C_My_glar,2010,f,ADULT,0,NA,NA,NA,0,0,0,NA,NA,NA,NA,NA,NA,NA,NA,NA,NA,NA,NA,NA,NA,NA,NA,0
BB10109,BOULT,Hedge,C_My_glar,2010,f,ADULT,1,1,1,0,0,1,0,0,0,0,0,0,0,0,0,0,0,0,0,1,0,0,0,0
BB10110,BOULT,Hedge,C_My_glar,2010,f,ADULT,0,NA,NA,NA,0,1,0,NA,NA,NA,NA,NA,NA,NA,NA,NA,NA,NA,NA,NA,NA,NA,NA,0
BB10111,BOULT,Hedge,C_My_glar,2010,m,ADULT,0,NA,NA,NA,0,1,0,NA,NA,NA,NA,NA,NA,NA,NA,NA,NA,NA,NA,NA,NA,NA,NA,0
BB10112,BOULT,Forest,C_My_glar,2010,m,ADULT,0,NA,NA,NA,0,1,0,NA,NA,NA,NA,NA,NA,NA,NA,NA,NA,NA,NA,NA,NA,NA,NA,0
BB10113,BOULT,Meadow,C_Mi_arva,2010,f,ADULT,1,2,1,1,0,0,0,1,1,0,0,0,0,0,0,0,0,0,0,0,0,0,0,0
BB10114,BOULT,Forest,C_My_glar,2010,m,ADULT,0,NA,NA,NA,0,1,0,NA,NA,NA,NA,NA,NA,NA,NA,NA,NA,NA,NA,NA,NA,NA,NA,0
BB10115,BOULT,Forest,C_My_glar,2010,f,ADULT,0,NA,NA,NA,0,0,0,NA,NA,NA,NA,NA,NA,NA,NA,NA,NA,NA,NA,NA,NA,NA,NA,0
BB10116,BOULT,Forest,C_My_glar,2010,m,ADULT,1,2,1,0,0,1,0,1,0,0,0,0,0,0,0,0,0,0,0,0,0,1,0,0
BB10117,BOULT,Hedge,C_Mi_agre,2010,f,ADULT,1,2,1,1,0,1,0,1,1,0,0,0,0,0,0,0,0,0,0,0,0,0,0,0
BB10118,BOULT,Meadow,C_Mi_arva,2010,m,ADULT,0,NA,NA,NA,1,1,0,NA,NA,NA,NA,NA,NA,NA,NA,NA,NA,NA,NA,NA,NA,NA,NA,0
BB10119,BOULT,Meadow,C_Mi_arva,2010,m,ADULT,0,NA,NA,NA,0,1,0,NA,NA,NA,NA,NA,NA,NA,NA,NA,NA,NA,NA,NA,NA,NA,NA,0
BB10120,BOULT,Meadow,C_Mi_arva,2010,m,ADULT,0,NA,NA,NA,0,1,0,NA,NA,NA,NA,NA,NA,NA,NA,NA,NA,NA,NA,NA,NA,NA,NA,0
BB10121,BOULT,Meadow,C_Mi_arva,2010,f,JUVENILE,0,NA,NA,NA,0,0,0,NA,NA,NA,NA,NA,NA,NA,NA,NA,NA,NA,NA,NA,NA,NA,NA,0
BB10122,BOULT,Meadow,C_Mi_arva,2010,f,ADULT,1,3,1,1,0,0,0,1,1,0,0,0,0,0,0,0,0,0,0,0,1,0,0,0
BB10123,BOULT,Meadow,C_Mi_arva,2010,m,ADULT,1,3,1,2,0,0,0,1,1,0,0,0,0,0,0,1,0,0,0,0,0,0,0,0
BB10124,BOULT,Meadow,C_Ar_sche,2010,m,ADULT,1,1,1,0,0,1,0,1,0,0,0,0,0,0,0,0,0,0,0,0,0,0,0,0
BB10125,BOULT,Farm,M_Ra_norv,2010,m,ADULT,1,3,1,3,0,1,0,0,0,1,0,0,1,1,0,0,0,0,0,0,0,0,0,0
BB10126,BOULT,Meadow,C_Mi_arva,2010,f,ADULT,0,NA,NA,NA,0,0,0,NA,NA,NA,NA,NA,NA,NA,NA,NA,NA,NA,NA,NA,NA,NA,NA,0
BB10127,BOULT,Meadow,C_Ar_sche,2010,m,ADULT,0,NA,NA,NA,0,0,0,NA,NA,NA,NA,NA,NA,NA,NA,NA,NA,NA,NA,NA,NA,NA,NA,0
BB10128,BOULT,Meadow,C_Ar_sche,2010,f,ADULT,0,NA,NA,NA,0,1,0,NA,NA,NA,NA,NA,NA,NA,NA,NA,NA,NA,NA,NA,NA,NA,NA,0
BB10129,BOULT,Meadow,C_Ar_sche,2010,m,ADULT,0,NA,NA,NA,0,1,0,NA,NA,NA,NA,NA,NA,NA,NA,NA,NA,NA,NA,NA,NA,NA,NA,0
BB10130,BOULT,Meadow,C_Ar_sche,2010,m,ADULT,1,0,0,0,0,0,0,0,0,0,0,0,0,0,0,0,0,0,0,0,0,0,0,0
BB10131,BOULT,Meadow,C_Ar_sche,2010,m,ADULT,0,NA,NA,NA,NA,NA,NA,NA,NA,NA,NA,NA,NA,NA,NA,NA,NA,NA,NA,NA,NA,NA,NA,NA
BB10132,BOULT,Meadow,C_Mi_arva,2010,f,JUVENILE,1,2,1,1,0,0,0,1,1,0,0,0,0,0,0,0,0,0,0,0,0,0,0,0
BB10133,BOULT,Hedge,C_My_glar,2010,f,ADULT,1,1,1,0,0,1,0,1,0,0,0,0,0,0,0,0,0,0,0,0,0,0,0,0
BB10134,BOULT,Hedge,M_Ap_sylv,2010,m,ADULT,1,1,1,0,0,1,0,1,0,0,0,0,0,0,0,0,0,0,0,0,0,0,0,0
BB10135,BOULT,Hedge,C_My_glar,2010,m,ADULT,1,2,1,2,0,1,0,0,0,0,0,0,1,1,0,0,0,0,0,0,0,0,0,0
BB10136,BOULT,Meadow,C_Mi_arva,2010,m,ADULT,1,1,1,1,0,0,0,0,1,0,0,0,0,0,0,0,0,0,0,0,0,0,0,0
BB10137,BOULT,Forest,M_Ap_sylv,2010,m,JUVENILE,0,NA,NA,NA,0,0,0,NA,NA,NA,NA,NA,NA,NA,NA,NA,NA,NA,NA,NA,NA,NA,NA,0
BB10138,BOULT,Forest,C_My_glar,2010,m,ADULT,1,3,1,3,1,1,0,0,1,0,1,0,0,1,0,0,0,0,0,0,0,0,0,0
BB10139,BOULT,Forest,C_My_glar,2010,f,ADULT,1,1,1,0,0,0,0,1,0,0,0,0,0,0,0,0,0,0,0,0,0,0,0,0
BB10140,BOULT,Meadow,C_Mi_arva,2010,f,ADULT,1,2,1,1,0,0,0,1,1,0,0,0,0,0,0,0,0,0,0,0,0,0,0,0
BB10141,BOULT,Forest,M_Ap_sylv,2010,m,ADULT,1,2,1,1,NA,NA,NA,1,0,1,0,0,0,0,0,0,0,0,0,0,0,0,0,NA
BB10142,BOULT,Forest,C_My_glar,2010,f,JUVENILE,0,NA,NA,NA,NA,NA,NA,NA,NA,NA,NA,NA,NA,NA,NA,NA,NA,NA,NA,NA,NA,NA,NA,NA
BB10143,BOULT,Forest,M_Ap_sylv,2010,m,JUVENILE,0,NA,NA,NA,1,0,0,NA,NA,NA,NA,NA,NA,NA,NA,NA,NA,NA,NA,NA,NA,NA,NA,0
BB10144,BOULT,Forest,M_Ap_flav,2010,f,ADULT,1,1,1,0,0,0,0,1,0,0,0,0,0,0,0,0,0,0,0,0,0,0,0,0
BB10145,BOULT,Forest,C_My_glar,2010,m,ADULT,0,NA,NA,NA,0,0,0,NA,NA,NA,NA,NA,NA,NA,NA,NA,NA,NA,NA,NA,NA,NA,NA,0
BB10146,BOULT,Forest,M_Ap_sylv,2010,m,ADULT,1,2,1,1,0,0,0,1,0,1,0,0,0,0,0,0,0,0,0,0,0,0,0,0
BB10147,BOULT,Forest,M_Ap_sylv,2010,m,ADULT,0,NA,NA,NA,0,0,0,NA,NA,NA,NA,NA,NA,NA,NA,NA,NA,NA,NA,NA,NA,NA,NA,0
BB10148,BOULT,Meadow,C_Ar_sche,2010,m,ADULT,1,1,1,0,0,1,0,1,0,0,0,0,0,0,0,0,0,0,0,0,0,0,0,0
BB10149,BOULT,Meadow,C_Ar_sche,2010,f,ADULT,0,NA,NA,NA,0,0,0,NA,NA,NA,NA,NA,NA,NA,NA,NA,NA,NA,NA,NA,NA,NA,NA,0
BB10150,BOULT,Meadow,C_Ar_sche,2010,m,ADULT,1,1,1,0,0,1,0,1,0,0,0,0,0,0,0,0,0,0,0,0,0,0,0,0
BB10151,BOULT,Meadow,C_Ar_sche,2010,f,ADULT,1,1,1,0,0,1,0,1,0,0,0,0,0,0,0,0,0,0,0,0,0,0,0,0
BB10152,BOULT,Meadow,C_Ar_sche,2010,m,ADULT,1,1,1,0,0,1,0,1,0,0,0,0,0,0,0,0,0,0,0,0,0,0,0,0
BB10153,BOULT,Meadow,C_Ar_sche,2010,f,JUVENILE,0,NA,NA,NA,0,0,0,NA,NA,NA,NA,NA,NA,NA,NA,NA,NA,NA,NA,NA,NA,NA,NA,0
BB10154,BOULT,Meadow,C_Ar_sche,2010,f,ADULT,1,0,0,0,0,1,0,0,0,0,0,0,0,0,0,0,0,0,0,0,0,0,0,0
BB10155,BOULT,Meadow,C_Ar_sche,2010,f,ADULT,1,1,1,0,0,1,0,1,0,0,0,0,0,0,0,0,0,0,0,0,0,0,0,0
BB10156,BOULT,Meadow,C_Ar_sche,2010,f,ADULT,0,NA,NA,NA,1,1,0,NA,NA,NA,NA,NA,NA,NA,NA,NA,NA,NA,NA,NA,NA,NA,NA,0
BB10157,BOULT,Hedge,M_Ap_sylv,2010,f,JUVENILE,1,1,1,1,0,0,0,0,0,0,0,1,0,0,0,0,0,0,0,0,0,0,0,0
BB10158,BOULT,Hedge,C_My_glar,2010,f,ADULT,0,NA,NA,NA,0,0,0,NA,NA,NA,NA,NA,NA,NA,NA,NA,NA,NA,NA,NA,NA,NA,NA,0
BB10159,BOULT,Forest,M_Ap_sylv,2010,m,JUVENILE,0,NA,NA,NA,0,0,0,NA,NA,NA,NA,NA,NA,NA,NA,NA,NA,NA,NA,NA,NA,NA,NA,0
BB10160,BOULT,Forest,M_Ap_sylv,2010,m,JUVENILE,0,NA,NA,NA,0,0,0,NA,NA,NA,NA,NA,NA,NA,NA,NA,NA,NA,NA,NA,NA,NA,NA,0
BB10161,BOULT,Forest,M_Ap_sylv,2010,f,ADULT,1,1,1,0,0,0,0,1,0,0,0,0,0,0,0,0,0,0,0,0,0,0,0,0
BB10162,BOULT,Forest,M_Ap_sylv,2010,m,ADULT,1,1,1,1,0,1,0,0,0,0,0,1,0,0,0,0,0,0,0,0,0,0,0,0
BB10163,BOULT,Forest,M_Ap_sylv,2010,f,ADULT,1,1,1,0,0,0,0,1,0,0,0,0,0,0,0,0,0,0,0,0,0,0,0,0
BB10164,BOULT,Forest,C_My_glar,2010,m,ADULT,1,0,0,0,0,1,0,0,0,0,0,0,0,0,0,0,0,0,0,0,0,0,0,0
BB10165,BOULT,Forest,C_Mi_subt,2010,f,ADULT,1,1,1,0,0,0,0,1,0,0,0,0,0,0,0,0,0,0,0,0,0,0,0,0
BB10166,BOULT,Forest,C_My_glar,2010,f,ADULT,0,NA,NA,NA,0,1,0,NA,NA,NA,NA,NA,NA,NA,NA,NA,NA,NA,NA,NA,NA,NA,NA,0
BB10167,BOULT,Farm,M_Ra_norv,2010,m,ADULT,1,2,1,2,0,0,0,0,0,0,0,0,1,1,0,0,0,0,0,0,0,0,0,0
BB10168,BOULT,Forest,C_My_glar,2010,f,ADULT,1,1,1,1,0,1,0,0,0,1,0,0,0,0,0,0,0,0,0,0,0,0,0,0
BB10169,BOULT,Forest,M_Ap_sylv,2010,m,ADULT,1,1,1,0,0,0,0,1,0,0,0,0,0,0,0,0,0,0,0,0,0,0,0,0
BB10170,BOULT,Forest,C_Mi_agre,2010,m,ADULT,1,1,1,0,0,1,0,1,0,0,0,0,0,0,0,0,0,0,0,0,0,0,0,0
BB10171,BOULT,Meadow,C_Ar_sche,2010,f,ADULT,0,NA,NA,NA,0,0,0,NA,NA,NA,NA,NA,NA,NA,NA,NA,NA,NA,NA,NA,NA,NA,NA,0
BB10172,BOULT,Meadow,C_Ar_sche,2010,m,JUVENILE,0,NA,NA,NA,0,0,0,NA,NA,NA,NA,NA,NA,NA,NA,NA,NA,NA,NA,NA,NA,NA,NA,0
BB10173,BOULT,Meadow,C_Ar_sche,2010,m,ADULT,1,1,1,0,0,1,0,1,0,0,0,0,0,0,0,0,0,0,0,0,0,0,0,0
BB10174,BOULT,Meadow,C_Ar_sche,2010,f,ADULT,1,1,1,0,0,1,0,1,0,0,0,0,0,0,0,0,0,0,0,0,0,0,0,0
BB10175,BOULT,Meadow,C_Ar_sche,2010,f,ADULT,0,NA,NA,NA,0,1,0,NA,NA,NA,NA,NA,NA,NA,NA,NA,NA,NA,NA,NA,NA,NA,NA,0
BB10176,BOULT,Meadow,C_Ar_sche,2010,f,ADULT,0,NA,NA,NA,0,0,0,NA,NA,NA,NA,NA,NA,NA,NA,NA,NA,NA,NA,NA,NA,NA,NA,0
BB10177,BOULT,Meadow,C_Ar_sche,2010,f,ADULT,1,0,0,0,0,0,0,0,0,0,0,0,0,0,0,0,0,0,0,0,0,0,0,0
BB10178,BOULT,Meadow,C_Ar_sche,2011,f,ADULT,0,NA,NA,NA,0,0,0,NA,NA,NA,NA,NA,NA,NA,NA,NA,NA,NA,NA,NA,NA,NA,NA,0
BB10179,BOULT,Meadow,C_Ar_sche,2011,m,ADULT,0,NA,NA,NA,0,0,0,NA,NA,NA,NA,NA,NA,NA,NA,NA,NA,NA,NA,NA,NA,NA,NA,0
BB10180,BOULT,Meadow,C_Ar_sche,2011,f,JUVENILE,0,NA,NA,NA,0,0,0,NA,NA,NA,NA,NA,NA,NA,NA,NA,NA,NA,NA,NA,NA,NA,NA,0
BB10181,BOULT,Meadow,C_Ar_sche,2011,f,ADULT,1,1,1,0,0,0,0,1,0,0,0,0,0,0,0,0,0,0,0,0,0,0,0,0
BB10182,BOULT,Meadow,C_Ar_sche,2011,f,ADULT,0,NA,NA,NA,0,1,0,NA,NA,NA,NA,NA,NA,NA,NA,NA,NA,NA,NA,NA,NA,NA,NA,0
BB10183,BOULT,Meadow,C_Ar_sche,2011,f,ADULT,1,1,1,0,0,0,0,1,0,0,0,0,0,0,0,0,0,0,0,0,0,0,0,0
BB10184,BOULT,Meadow,C_Ar_sche,2011,m,ADULT,1,1,1,0,0,1,0,1,0,0,0,0,0,0,0,0,0,0,0,0,0,0,0,0
BB10185,BOULT,Meadow,C_Mi_arva,2011,f,JUVENILE,1,2,1,1,0,1,0,1,1,0,0,0,0,0,0,0,0,0,0,0,0,0,0,0
BB10186,BOULT,Meadow,C_Ar_sche,2011,m,JUVENILE,0,NA,NA,NA,0,1,0,NA,NA,NA,NA,NA,NA,NA,NA,NA,NA,NA,NA,NA,NA,NA,NA,0
BB10187,BOULT,Meadow,C_Mi_arva,2011,f,ADULT,0,NA,NA,NA,0,0,0,NA,NA,NA,NA,NA,NA,NA,NA,NA,NA,NA,NA,NA,NA,NA,NA,0
BB10188,BOULT,Meadow,C_Mi_arva,2011,m,ADULT,1,3,1,2,0,0,0,1,1,0,0,0,0,0,0,1,0,0,0,0,0,0,0,0
BB10189,BOULT,Meadow,C_Mi_arva,2011,m,ADULT,1,4,1,2,0,0,0,1,1,0,0,0,0,0,0,1,0,0,0,0,1,0,0,0
BB10190,BOULT,Meadow,C_Mi_arva,2011,f,ADULT,1,2,1,1,0,0,0,1,1,0,0,0,0,0,0,0,0,0,0,0,0,0,0,0
BB10191,BOULT,Meadow,C_Mi_arva,2011,f,ADULT,1,3,1,2,0,0,0,1,1,0,0,0,0,0,0,1,0,0,0,0,0,0,0,0
BB10192,BOULT,Meadow,C_Mi_arva,2011,f,ADULT,1,3,1,2,0,1,0,1,1,0,1,0,0,0,0,0,0,0,0,0,0,0,0,0
BB10193,BOULT,Meadow,C_Mi_arva,2011,m,ADULT,1,5,1,2,0,0,0,1,1,0,1,0,0,0,0,0,0,0,1,0,1,0,0,0
BB10194,BOULT,Meadow,C_Mi_arva,2011,m,ADULT,0,NA,NA,NA,1,0,0,NA,NA,NA,NA,NA,NA,NA,NA,NA,NA,NA,NA,NA,NA,NA,NA,0
BB10195,BOULT,Meadow,C_Mi_arva,2011,m,ADULT,1,1,1,0,0,0,0,1,0,0,0,0,0,0,0,0,0,0,0,0,0,0,0,0
BB10196,BOULT,Meadow,C_Ar_sche,2011,f,ADULT,0,NA,NA,NA,0,0,0,NA,NA,NA,NA,NA,NA,NA,NA,NA,NA,NA,NA,NA,NA,NA,NA,0
BB10197,BOULT,Meadow,C_Ar_sche,2011,m,ADULT,0,NA,NA,NA,0,0,0,NA,NA,NA,NA,NA,NA,NA,NA,NA,NA,NA,NA,NA,NA,NA,NA,0
BB10198,BOULT,Meadow,C_Ar_sche,2011,f,ADULT,0,NA,NA,NA,0,0,0,NA,NA,NA,NA,NA,NA,NA,NA,NA,NA,NA,NA,NA,NA,NA,NA,0
BB10199,BOULT,Meadow,C_Ar_sche,2011,f,ADULT,0,NA,NA,NA,NA,NA,NA,NA,NA,NA,NA,NA,NA,NA,NA,NA,NA,NA,NA,NA,NA,NA,NA,NA
BB10200,BOULT,Meadow,C_Ar_sche,2011,f,JUVENILE,0,NA,NA,NA,0,0,0,NA,NA,NA,NA,NA,NA,NA,NA,NA,NA,NA,NA,NA,NA,NA,NA,0
BB10201,BOULT,Hedge,M_Ap_flav,2011,m,ADULT,1,1,1,0,0,0,0,1,0,0,0,0,0,0,0,0,0,0,0,0,0,0,0,0
BB10202,BOULT,Hedge,M_Ap_flav,2011,m,ADULT,1,1,1,1,0,0,0,0,0,0,0,0,0,0,1,0,0,0,0,0,0,0,0,0
BB10203,BOULT,Hedge,M_Ap_flav,2011,m,ADULT,1,1,1,0,0,0,0,1,0,0,0,0,0,0,0,0,0,0,0,0,0,0,0,0
BB10204,BOULT,Hedge,C_My_glar,2011,f,JUVENILE,0,NA,NA,NA,0,0,0,NA,NA,NA,NA,NA,NA,NA,NA,NA,NA,NA,NA,NA,NA,NA,NA,0
BB10205,BOULT,Hedge,M_Ap_flav,2011,f,ADULT,1,2,1,1,0,0,0,1,0,0,0,0,0,0,1,0,0,0,0,0,0,0,0,0
BB10206,BOULT,Hedge,C_My_glar,2011,m,ADULT,0,NA,NA,NA,0,0,0,NA,NA,NA,NA,NA,NA,NA,NA,NA,NA,NA,NA,NA,NA,NA,NA,0
BB10207,BOULT,Hedge,C_My_glar,2011,m,ADULT,0,NA,NA,NA,0,0,0,NA,NA,NA,NA,NA,NA,NA,NA,NA,NA,NA,NA,NA,NA,NA,NA,0
BB10208,BOULT,Hedge,C_Mi_agre,2011,m,ADULT,1,1,1,1,0,1,0,0,1,0,0,0,0,0,0,0,0,0,0,0,0,0,0,0
BB10209,BOULT,Hedge,M_Ap_sylv,2011,f,ADULT,1,3,1,2,0,0,0,1,0,1,0,1,0,0,0,0,0,0,0,0,0,0,0,0
BB10210,BOULT,Hedge,M_Ap_sylv,2011,f,ADULT,1,3,1,2,0,0,0,1,0,1,0,1,0,0,0,0,0,0,0,0,0,0,0,0
BB10211,BOULT,Hedge,C_Mi_agre,2011,m,JUVENILE,1,0,0,0,0,0,0,0,0,0,0,0,0,0,0,0,0,0,0,0,0,0,0,0
BB10212,BOULT,Hedge,M_Ap_spp,2011,f,NA,0,NA,NA,NA,0,0,0,NA,NA,NA,NA,NA,NA,NA,NA,NA,NA,NA,NA,NA,NA,NA,NA,0
BB10213,BOULT,Hedge,M_Ap_sylv,2011,f,ADULT,1,1,1,0,0,0,0,1,0,0,0,0,0,0,0,0,0,0,0,0,0,0,0,0
BB10214,BOULT,Hedge,M_Ap_flav,2011,f,ADULT,1,1,1,0,0,0,0,1,0,0,0,0,0,0,0,0,0,0,0,0,0,0,0,0
BB10215,BOULT,Meadow,C_Mi_arva,2011,m,ADULT,0,NA,NA,NA,0,0,0,NA,NA,NA,NA,NA,NA,NA,NA,NA,NA,NA,NA,NA,NA,NA,NA,0
BB10216,BOULT,Hedge,M_Ap_flav,2011,f,JUVENILE,0,NA,NA,NA,0,0,0,NA,NA,NA,NA,NA,NA,NA,NA,NA,NA,NA,NA,NA,NA,NA,NA,0
BB10217,BOULT,Hedge,M_Ap_sylv,2011,m,ADULT,0,NA,NA,NA,0,0,0,NA,NA,NA,NA,NA,NA,NA,NA,NA,NA,NA,NA,NA,NA,NA,NA,0
BB10218,BOULT,Hedge,M_Ap_sylv,2011,f,JUVENILE,0,NA,NA,NA,0,0,0,NA,NA,NA,NA,NA,NA,NA,NA,NA,NA,NA,NA,NA,NA,NA,NA,0
BB10219,BOULT,Hedge,M_Ap_sylv,2011,f,JUVENILE,0,NA,NA,NA,0,0,0,NA,NA,NA,NA,NA,NA,NA,NA,NA,NA,NA,NA,NA,NA,NA,NA,0
BB10220,BOULT,Hedge,M_Ap_flav,2011,f,ADULT,1,3,1,2,0,1,0,1,1,0,0,0,0,1,0,0,0,0,0,0,0,0,0,0
BB10221,BOULT,Meadow,C_Mi_arva,2011,m,ADULT,0,NA,NA,NA,0,1,0,NA,NA,NA,NA,NA,NA,NA,NA,NA,NA,NA,NA,NA,NA,NA,NA,0
BB10222,BOULT,Meadow,C_Mi_arva,2011,f,JUVENILE,0,NA,NA,NA,0,0,0,NA,NA,NA,NA,NA,NA,NA,NA,NA,NA,NA,NA,NA,NA,NA,NA,0
BB10223,BOULT,Meadow,C_Mi_arva,2011,m,ADULT,1,2,1,1,0,0,0,1,1,0,0,0,0,0,0,0,0,0,0,0,0,0,0,0
BB10224,BOULT,Forest,C_My_glar,2011,f,JUVENILE,0,NA,NA,NA,0,1,0,NA,NA,NA,NA,NA,NA,NA,NA,NA,NA,NA,NA,NA,NA,NA,NA,0
BB10225,BOULT,Forest,C_My_glar,2011,m,ADULT,0,NA,NA,NA,0,1,0,NA,NA,NA,NA,NA,NA,NA,NA,NA,NA,NA,NA,NA,NA,NA,NA,0
BB10226,BOULT,Forest,C_My_glar,2011,m,JUVENILE,0,NA,NA,NA,0,1,0,NA,NA,NA,NA,NA,NA,NA,NA,NA,NA,NA,NA,NA,NA,NA,NA,0
BB10227,BOULT,Forest,M_Ap_sylv,2011,m,ADULT,0,NA,NA,NA,0,1,0,NA,NA,NA,NA,NA,NA,NA,NA,NA,NA,NA,NA,NA,NA,NA,NA,0
BB10228,BOULT,Meadow,C_Mi_arva,2011,m,JUVENILE,1,2,1,1,0,0,0,1,1,0,0,0,0,0,0,0,0,0,0,0,0,0,0,0
BB10229,BOULT,Meadow,C_Ar_sche,2011,m,ADULT,1,1,1,0,0,1,0,1,0,0,0,0,0,0,0,0,0,0,0,0,0,0,0,0
BB10230,BOULT,Meadow,C_Ar_sche,2011,f,ADULT,0,NA,NA,NA,0,1,0,NA,NA,NA,NA,NA,NA,NA,NA,NA,NA,NA,NA,NA,NA,NA,NA,0
BB10231,BOULT,Meadow,C_Mi_arva,2011,f,JUVENILE,1,2,1,1,0,0,0,1,1,0,0,0,0,0,0,0,0,0,0,0,0,0,0,0
BB10232,BOULT,Hedge,M_Ap_sylv,2011,m,ADULT,1,1,1,0,0,0,0,1,0,0,0,0,0,0,0,0,0,0,0,0,0,0,0,0
BB10233,BOULT,Hedge,C_My_glar,2011,f,JUVENILE,0,NA,NA,NA,0,0,0,NA,NA,NA,NA,NA,NA,NA,NA,NA,NA,NA,NA,NA,NA,NA,NA,0
BB10234,BOULT,Hedge,M_Ap_flav,2011,m,ADULT,1,1,1,0,0,0,0,1,0,0,0,0,0,0,0,0,0,0,0,0,0,0,0,0
BB10235,BOULT,Hedge,C_My_glar,2011,f,ADULT,0,NA,NA,NA,0,1,0,NA,NA,NA,NA,NA,NA,NA,NA,NA,NA,NA,NA,NA,NA,NA,NA,0
BB10236,BOULT,Forest,C_Mi_subt,2011,m,NA,1,1,1,0,0,0,0,1,0,0,0,0,0,0,0,0,0,0,0,0,0,0,0,0
BB10237,BOULT,Forest,M_Ap_sylv,2011,f,ADULT,1,1,1,0,0,0,0,1,0,0,0,0,0,0,0,0,0,0,0,0,0,0,0,0
BB10238,BOULT,Forest,C_My_glar,2011,f,ADULT,0,NA,NA,NA,0,1,0,NA,NA,NA,NA,NA,NA,NA,NA,NA,NA,NA,NA,NA,NA,NA,NA,0
BB10239,BOULT,Forest,M_Ap_flav,2011,m,ADULT,1,1,1,0,0,0,0,1,0,0,0,0,0,0,0,0,0,0,0,0,0,0,0,0
BB10240,BOULT,Forest,C_My_glar,2011,m,ADULT,1,1,1,0,0,1,0,1,0,0,0,0,0,0,0,0,0,0,0,0,0,0,0,0
BB10241,BOULT,Hedge,M_Ap_flav,2011,m,ADULT,1,1,1,0,0,0,0,1,0,0,0,0,0,0,0,0,0,0,0,0,0,0,0,0
BB10242,BOULT,Hedge,M_Ap_flav,2011,m,ADULT,1,1,1,0,0,0,0,1,0,0,0,0,0,0,0,0,0,0,0,0,0,0,0,0
BB10243,BOULT,Hedge,M_Ap_sylv,2011,f,ADULT,1,3,1,1,0,0,0,1,0,1,0,0,0,0,0,0,0,0,0,1,0,0,0,0
BB10244,BOULT,Hedge,M_Ap_sylv,2011,m,ADULT,1,2,1,1,0,0,0,1,0,0,0,1,0,0,0,0,0,0,0,0,0,0,0,0
BB10245,BOULT,Hedge,C_My_glar,2011,f,ADULT,1,1,1,1,0,1,0,0,0,0,1,0,0,0,0,0,0,0,0,0,0,0,0,0
BB10246,BOULT,Hedge,M_Ap_sylv,2011,f,JUVENILE,0,NA,NA,NA,0,0,0,NA,NA,NA,NA,NA,NA,NA,NA,NA,NA,NA,NA,NA,NA,NA,NA,0
BB10247,BOULT,Hedge,C_Mi_agre,2011,f,ADULT,1,2,1,1,0,1,0,1,1,0,0,0,0,0,0,0,0,0,0,0,0,0,0,0
BB10248,BOULT,Hedge,C_My_glar,2011,m,ADULT,0,NA,NA,NA,0,1,0,NA,NA,NA,NA,NA,NA,NA,NA,NA,NA,NA,NA,NA,NA,NA,NA,0
BB10249,BOULT,Hedge,M_Ap_sylv,2011,m,ADULT,1,4,1,3,0,1,0,1,0,1,0,1,0,0,1,0,0,0,0,0,0,0,0,0
BB10250,BOULT,Hedge,M_Ap_sylv,2011,f,ADULT,1,3,1,2,0,0,0,1,0,0,0,1,0,0,1,0,0,0,0,0,0,0,0,0
BB10251,BOULT,Forest,Myo_My_coyp,2011,m,NA,1,1,1,1,NA,NA,NA,0,0,1,0,0,0,0,0,0,0,0,0,0,0,0,0,NA
BB10252,BOULT,Farm,M_Ra_norv,2011,m,ADULT,1,1,1,1,0,0,0,0,0,1,0,0,0,0,0,0,0,0,0,0,0,0,0,0
BB10253,BOULT,Hedge,C_My_glar,2011,f,ADULT,1,2,1,1,0,1,0,0,1,0,0,0,0,0,0,0,0,0,0,1,0,0,0,0
BB10254,BOULT,Meadow,C_Ar_sche,2011,m,ADULT,0,NA,NA,NA,0,0,0,NA,NA,NA,NA,NA,NA,NA,NA,NA,NA,NA,NA,NA,NA,NA,NA,0
BB10255,BOULT,Meadow,C_Ar_sche,2011,m,ADULT,0,NA,NA,NA,0,0,0,NA,NA,NA,NA,NA,NA,NA,NA,NA,NA,NA,NA,NA,NA,NA,NA,0
BB10256,BOULT,Meadow,C_Ar_sche,2011,f,ADULT,0,NA,NA,NA,0,0,0,NA,NA,NA,NA,NA,NA,NA,NA,NA,NA,NA,NA,NA,NA,NA,NA,0
BB10257,BOULT,Meadow,C_Ar_sche,2011,m,JUVENILE,0,NA,NA,NA,0,1,0,NA,NA,NA,NA,NA,NA,NA,NA,NA,NA,NA,NA,NA,NA,NA,NA,0
BB10258,BOULT,Meadow,C_Ar_sche,2011,f,ADULT,1,1,1,0,0,0,0,1,0,0,0,0,0,0,0,0,0,0,0,0,0,0,0,0
BB10259,BOULT,Meadow,C_Ar_sche,2011,m,JUVENILE,0,NA,NA,NA,NA,NA,NA,NA,NA,NA,NA,NA,NA,NA,NA,NA,NA,NA,NA,NA,NA,NA,NA,NA
BB10260,BOULT,Forest,C_My_glar,2011,m,ADULT,0,NA,NA,NA,0,0,0,NA,NA,NA,NA,NA,NA,NA,NA,NA,NA,NA,NA,NA,NA,NA,NA,0
BB10261,BOULT,Forest,M_Ap_sylv,2011,m,ADULT,1,1,1,0,0,0,0,1,0,0,0,0,0,0,0,0,0,0,0,0,0,0,0,0
BB10262,BOULT,Forest,M_Ap_sylv,2011,m,JUVENILE,0,NA,NA,NA,0,0,0,NA,NA,NA,NA,NA,NA,NA,NA,NA,NA,NA,NA,NA,NA,NA,NA,0
BB10263,BOULT,Forest,M_Ap_sylv,2011,m,ADULT,1,1,1,0,0,0,0,1,0,0,0,0,0,0,0,0,0,0,0,0,0,0,0,0
BB10264,BOULT,Hedge,M_Ap_sylv,2011,f,ADULT,0,NA,NA,NA,0,0,0,NA,NA,NA,NA,NA,NA,NA,NA,NA,NA,NA,NA,NA,NA,NA,NA,0
BB10265,BOULT,Hedge,M_Ap_sylv,2011,m,ADULT,1,1,1,0,0,0,0,1,0,0,0,0,0,0,0,0,0,0,0,0,0,0,0,0
BB10266,BOULT,Hedge,M_Ap_sylv,2011,f,JUVENILE,0,NA,NA,NA,0,0,0,NA,NA,NA,NA,NA,NA,NA,NA,NA,NA,NA,NA,NA,NA,NA,NA,0
BB10267,BOULT,Hedge,M_Ap_sylv,2011,m,ADULT,1,1,1,0,0,0,0,1,0,0,0,0,0,0,0,0,0,0,0,0,0,0,0,0
BB10268,BOULT,Hedge,C_My_glar,2011,m,ADULT,0,NA,NA,NA,1,1,0,NA,NA,NA,NA,NA,NA,NA,NA,NA,NA,NA,NA,NA,NA,NA,NA,0
BB10269,BOULT,Hedge,M_Ap_sylv,2011,f,JUVENILE,0,NA,NA,NA,0,0,0,NA,NA,NA,NA,NA,NA,NA,NA,NA,NA,NA,NA,NA,NA,NA,NA,0
BB10270,BOULT,Hedge,M_Ap_sylv,2011,m,JUVENILE,0,NA,NA,NA,0,0,0,NA,NA,NA,NA,NA,NA,NA,NA,NA,NA,NA,NA,NA,NA,NA,NA,0
BB10271,BOULT,Hedge,C_My_glar,2011,f,ADULT,1,1,1,1,0,1,0,0,1,0,0,0,0,0,0,0,0,0,0,0,0,0,0,0
BB10272,BOULT,Hedge,M_Ap_sylv,2011,m,ADULT,0,NA,NA,NA,0,0,0,NA,NA,NA,NA,NA,NA,NA,NA,NA,NA,NA,NA,NA,NA,NA,NA,0
BB10273,BOULT,Hedge,M_Ap_flav,2011,m,JUVENILE,1,1,1,1,0,0,0,0,0,1,0,0,0,0,0,0,0,0,0,0,0,0,0,0
BB10274,BOULT,Hedge,M_Ap_sylv,2011,f,ADULT,1,2,1,1,0,0,0,1,0,0,0,1,0,0,0,0,0,0,0,0,0,0,0,0
BB10275,BOULT,Hedge,C_My_glar,2011,m,JUVENILE,0,NA,NA,NA,0,1,0,NA,NA,NA,NA,NA,NA,NA,NA,NA,NA,NA,NA,NA,NA,NA,NA,0
BB10276,BOULT,Hedge,M_Ap_sylv,2011,m,JUVENILE,0,NA,NA,NA,0,0,0,NA,NA,NA,NA,NA,NA,NA,NA,NA,NA,NA,NA,NA,NA,NA,NA,0
BB10277,BOULT,Hedge,M_Ap_flav,2011,m,JUVENILE,1,1,1,0,0,0,0,1,0,0,0,0,0,0,0,0,0,0,0,0,0,0,0,0
BB10278,BOULT,Forest,C_Mi_subt,2011,m,NA,1,1,1,0,0,0,0,1,0,0,0,0,0,0,0,0,0,0,0,0,0,0,0,0
BB10279,BOULT,Forest,M_Ap_sylv,2011,m,ADULT,1,1,1,0,NA,NA,NA,1,0,0,0,0,0,0,0,0,0,0,0,0,0,0,0,NA
BB10280,BOULT,Forest,C_My_glar,2011,f,ADULT,1,3,1,2,1,1,0,1,1,0,1,0,0,0,0,0,0,0,0,0,0,0,0,0
BB10281,BOULT,Forest,C_My_glar,2011,f,ADULT,0,NA,NA,NA,0,1,0,NA,NA,NA,NA,NA,NA,NA,NA,NA,NA,NA,NA,NA,NA,NA,NA,0
BB10282,BOULT,Forest,M_Ap_sylv,2011,m,ADULT,0,NA,NA,NA,0,0,0,NA,NA,NA,NA,NA,NA,NA,NA,NA,NA,NA,NA,NA,NA,NA,NA,0
BB10283,BOULT,Forest,M_Ap_flav,2011,m,ADULT,1,1,1,0,0,0,0,1,0,0,0,0,0,0,0,0,0,0,0,0,0,0,0,0
BB10284,BOULT,Farm,M_Ra_norv,2011,m,ADULT,1,4,1,4,0,0,0,0,0,1,0,0,1,1,1,0,0,0,0,0,0,0,0,0
BB10285,BOULT,Meadow,C_Mi_arva,2011,f,JUVENILE,1,4,1,2,0,0,0,1,1,0,0,0,0,0,0,1,0,0,1,0,0,0,0,0
BB10286,BOULT,Meadow,C_Mi_arva,2011,f,JUVENILE,1,2,1,1,0,0,0,1,1,0,0,0,0,0,0,0,0,0,0,0,0,0,0,0
BB10287,BOULT,Meadow,C_Mi_arva,2011,f,JUVENILE,1,3,1,2,0,0,0,1,1,0,0,0,0,0,0,1,0,0,0,0,0,0,0,0
BB10288,BOULT,Meadow,C_Ar_sche,2011,m,ADULT,1,1,1,0,0,0,0,1,0,0,0,0,0,0,0,0,0,0,0,0,0,0,0,0
BB10289,BOULT,Meadow,C_Ar_sche,2011,f,ADULT,1,1,1,0,0,0,0,1,0,0,0,0,0,0,0,0,0,0,0,0,0,0,0,0
BB10290,BOULT,Hedge,C_My_glar,2011,f,JUVENILE,0,NA,NA,NA,0,0,0,NA,NA,NA,NA,NA,NA,NA,NA,NA,NA,NA,NA,NA,NA,NA,NA,0
BB10291,BOULT,Hedge,C_My_glar,2011,m,ADULT,0,NA,NA,NA,0,0,0,NA,NA,NA,NA,NA,NA,NA,NA,NA,NA,NA,NA,NA,NA,NA,NA,0
BB10292,BOULT,Hedge,M_Ap_sylv,2011,m,JUVENILE,0,NA,NA,NA,0,0,0,NA,NA,NA,NA,NA,NA,NA,NA,NA,NA,NA,NA,NA,NA,NA,NA,0
BB10293,BOULT,Hedge,M_Ap_sylv,2011,m,JUVENILE,0,NA,NA,NA,0,0,0,NA,NA,NA,NA,NA,NA,NA,NA,NA,NA,NA,NA,NA,NA,NA,NA,0
BB10294,BOULT,Forest,C_My_glar,2011,f,JUVENILE,0,NA,NA,NA,0,0,0,NA,NA,NA,NA,NA,NA,NA,NA,NA,NA,NA,NA,NA,NA,NA,NA,0
BB10295,BOULT,Hedge,M_Ap_sylv,2011,m,JUVENILE,0,NA,NA,NA,0,0,0,NA,NA,NA,NA,NA,NA,NA,NA,NA,NA,NA,NA,NA,NA,NA,NA,0
BB10296,BOULT,Hedge,M_Ap_sylv,2011,m,ADULT,0,NA,NA,NA,0,0,0,NA,NA,NA,NA,NA,NA,NA,NA,NA,NA,NA,NA,NA,NA,NA,NA,0
BB10297,BOULT,Hedge,C_My_glar,2011,m,ADULT,0,NA,NA,NA,0,1,0,NA,NA,NA,NA,NA,NA,NA,NA,NA,NA,NA,NA,NA,NA,NA,NA,0
BB10298,BOULT,Hedge,C_My_glar,2011,m,ADULT,0,NA,NA,NA,0,1,0,NA,NA,NA,NA,NA,NA,NA,NA,NA,NA,NA,NA,NA,NA,NA,NA,0
BB10299,BOULT,Forest,C_My_glar,2011,f,ADULT,1,2,1,1,1,0,0,1,0,0,1,0,0,0,0,0,0,0,0,0,0,0,0,0
BB10300,BOULT,Hedge,M_Ap_sylv,2011,f,JUVENILE,1,1,1,0,0,0,0,1,0,0,0,0,0,0,0,0,0,0,0,0,0,0,0,0
BB10301,BOULT,Hedge,C_My_glar,2011,f,ADULT,0,NA,NA,NA,0,1,0,NA,NA,NA,NA,NA,NA,NA,NA,NA,NA,NA,NA,NA,NA,NA,NA,0
BB10302,BOULT,Hedge,M_Ap_sylv,2011,f,ADULT,1,1,1,0,0,0,0,1,0,0,0,0,0,0,0,0,0,0,0,0,0,0,0,0
BB10303,BOULT,Forest,C_My_glar,2011,f,ADULT,0,NA,NA,NA,0,1,0,NA,NA,NA,NA,NA,NA,NA,NA,NA,NA,NA,NA,NA,NA,NA,NA,0
BB10304,BOULT,Forest,C_My_glar,2011,m,ADULT,1,2,1,1,0,1,0,1,0,0,1,0,0,0,0,0,0,0,0,0,0,0,0,0
BB10305,BOULT,Farm,M_Ra_norv,2011,m,ADULT,1,2,1,2,NA,NA,NA,0,0,1,0,0,1,0,0,0,0,0,0,0,0,0,0,NA
BB10306,BOULT,Farm,M_Ra_norv,2011,f,ADULT,1,2,1,2,0,0,0,0,0,1,0,0,0,0,1,0,0,0,0,0,0,0,0,0
BB10307,BOULT,Meadow,C_Ar_sche,2011,m,ADULT,0,NA,NA,NA,0,1,0,NA,NA,NA,NA,NA,NA,NA,NA,NA,NA,NA,NA,NA,NA,NA,NA,0
BB10308,BOULT,Meadow,C_Mi_arva,2011,f,ADULT,1,2,1,1,0,1,0,1,1,0,0,0,0,0,0,0,0,0,0,0,0,0,0,0
BB10309,BOULT,Meadow,C_Mi_arva,2011,f,JUVENILE,1,2,1,1,0,0,0,1,1,0,0,0,0,0,0,0,0,0,0,0,0,0,0,0
BB10310,BOULT,Meadow,C_Ar_sche,2011,f,ADULT,0,NA,NA,NA,0,0,0,NA,NA,NA,NA,NA,NA,NA,NA,NA,NA,NA,NA,NA,NA,NA,NA,0
BB10311,BOULT,Meadow,C_Ar_sche,2011,f,ADULT,1,1,1,0,0,0,0,1,0,0,0,0,0,0,0,0,0,0,0,0,0,0,0,0
BB10312,BOULT,Meadow,C_Mi_arva,2011,m,ADULT,1,1,1,1,0,0,0,0,0,0,0,0,0,0,0,0,1,0,0,0,0,0,0,0
BB10313,BOULT,Meadow,C_Mi_arva,2011,m,JUVENILE,1,1,1,0,0,0,1,1,0,0,0,0,0,0,0,0,0,0,0,0,0,0,0,0
BB10314,BOULT,Forest,C_My_glar,2011,m,ADULT,1,2,1,1,0,1,0,1,0,0,1,0,0,0,0,0,0,0,0,0,0,0,0,0
BB10315,BOULT,Forest,M_Ap_flav,2011,f,ADULT,1,1,1,0,0,0,0,1,0,0,0,0,0,0,0,0,0,0,0,0,0,0,0,0
BB10316,BOULT,Hedge,M_Ap_flav,2011,f,JUVENILE,0,NA,NA,NA,0,0,0,NA,NA,NA,NA,NA,NA,NA,NA,NA,NA,NA,NA,NA,NA,NA,NA,0
BB10317,BOULT,Hedge,C_My_glar,2011,m,JUVENILE,0,NA,NA,NA,0,0,0,NA,NA,NA,NA,NA,NA,NA,NA,NA,NA,NA,NA,NA,NA,NA,NA,0
BB10318,BOULT,Hedge,M_Ap_sylv,2011,m,ADULT,0,NA,NA,NA,0,0,0,NA,NA,NA,NA,NA,NA,NA,NA,NA,NA,NA,NA,NA,NA,NA,NA,0
BB10319,BOULT,Hedge,C_Mi_agre,2011,m,ADULT,1,2,1,1,0,1,0,1,1,0,0,0,0,0,0,0,0,0,0,0,0,0,0,0
BB10320,BOULT,Hedge,M_Ap_sylv,2011,m,JUVENILE,0,NA,NA,NA,0,0,0,NA,NA,NA,NA,NA,NA,NA,NA,NA,NA,NA,NA,NA,NA,NA,NA,0
BB10321,BOULT,Meadow,C_Mi_arva,2011,m,JUVENILE,1,2,1,1,0,0,0,1,1,0,0,0,0,0,0,0,0,0,0,0,0,0,0,0
BB10322,BOULT,Meadow,C_Mi_arva,2011,m,ADULT,1,2,1,1,NA,NA,NA,1,1,0,0,0,0,0,0,0,0,0,0,0,0,0,0,NA
BB10323,BOULT,Meadow,C_Mi_arva,2011,m,JUVENILE,1,4,1,2,0,1,0,1,1,0,1,0,0,0,0,0,0,0,1,0,0,0,0,0
BB10324,BOULT,Meadow,C_Mi_arva,2011,m,JUVENILE,1,2,1,1,0,0,0,1,1,0,0,0,0,0,0,0,0,0,0,0,0,0,0,0
BB10325,BOULT,Farm,M_Ra_norv,2011,f,JUVENILE,1,2,1,1,0,0,0,0,0,1,0,0,0,0,0,0,0,0,1,0,0,0,0,0
BB10326,BOULT,Meadow,C_Mi_arva,2011,m,JUVENILE,1,3,1,2,0,0,0,1,1,0,0,0,0,0,0,1,0,0,0,0,0,0,0,0
BB10327,BOULT,Forest,C_My_glar,2011,m,ADULT,0,NA,NA,NA,0,1,0,NA,NA,NA,NA,NA,NA,NA,NA,NA,NA,NA,NA,NA,NA,NA,NA,0
BB10328,BOULT,Forest,M_Ap_flav,2011,m,JUVENILE,1,2,1,1,0,0,0,1,0,1,0,0,0,0,0,0,0,0,0,0,0,0,0,0
BB10329,BOULT,Hedge,M_Ap_sylv,2011,m,JUVENILE,0,NA,NA,NA,0,0,0,NA,NA,NA,NA,NA,NA,NA,NA,NA,NA,NA,NA,NA,NA,NA,NA,0
BB10330,BOULT,Hedge,M_Ap_sylv,2011,f,ADULT,0,NA,NA,NA,0,0,0,NA,NA,NA,NA,NA,NA,NA,NA,NA,NA,NA,NA,NA,NA,NA,NA,0
BB10331,BOULT,Forest,C_My_glar,2011,m,ADULT,0,NA,NA,NA,0,1,0,NA,NA,NA,NA,NA,NA,NA,NA,NA,NA,NA,NA,NA,NA,NA,NA,0
BB10332,BOULT,Meadow,C_Mi_arva,2011,f,ADULT,1,4,1,3,1,0,0,1,1,0,1,0,0,0,0,1,0,0,0,0,0,0,0,0
BB10333,BOULT,Hedge,C_My_glar,2011,m,ADULT,0,NA,NA,NA,0,0,0,NA,NA,NA,NA,NA,NA,NA,NA,NA,NA,NA,NA,NA,NA,NA,NA,0
BB10334,BOULT,Meadow,C_Ar_sche,2011,m,ADULT,0,NA,NA,NA,0,0,0,NA,NA,NA,NA,NA,NA,NA,NA,NA,NA,NA,NA,NA,NA,NA,NA,0
BB10335,BOULT,Meadow,C_Ar_sche,2011,m,ADULT,1,1,1,0,0,0,0,1,0,0,0,0,0,0,0,0,0,0,0,0,0,0,0,0
BB10336,BOULT,Meadow,C_Ar_sche,2011,m,ADULT,1,1,1,0,0,1,0,1,0,0,0,0,0,0,0,0,0,0,0,0,0,0,0,0
BB10337,BOULT,Meadow,C_Ar_sche,2011,m,JUVENILE,0,NA,NA,NA,0,0,0,NA,NA,NA,NA,NA,NA,NA,NA,NA,NA,NA,NA,NA,NA,NA,NA,0
BB10338,BOULT,Meadow,C_Ar_sche,2011,f,ADULT,1,1,1,0,0,0,0,1,0,0,0,0,0,0,0,0,0,0,0,0,0,0,0,0
BB10339,BOULT,Meadow,C_Ar_sche,2011,f,JUVENILE,0,NA,NA,NA,0,1,0,NA,NA,NA,NA,NA,NA,NA,NA,NA,NA,NA,NA,NA,NA,NA,NA,0
BB10340,BOULT,Hedge,C_My_glar,2011,f,ADULT,0,NA,NA,NA,0,1,0,NA,NA,NA,NA,NA,NA,NA,NA,NA,NA,NA,NA,NA,NA,NA,NA,0
BB10341,BOULT,Forest,C_My_glar,2011,m,ADULT,0,NA,NA,NA,0,1,0,NA,NA,NA,NA,NA,NA,NA,NA,NA,NA,NA,NA,NA,NA,NA,NA,0
BB10342,BOULT,Forest,C_My_glar,2011,f,ADULT,0,NA,NA,NA,0,0,0,NA,NA,NA,NA,NA,NA,NA,NA,NA,NA,NA,NA,NA,NA,NA,NA,0
BB10343,BOULT,Forest,C_My_glar,2011,m,JUVENILE,0,NA,NA,NA,0,1,0,NA,NA,NA,NA,NA,NA,NA,NA,NA,NA,NA,NA,NA,NA,NA,NA,0
BB10344,BOULT,Farm,M_Ra_norv,2011,f,ADULT,1,1,1,1,0,0,0,0,0,0,0,0,1,0,0,0,0,0,0,0,0,0,0,0
BB10345,BOULT,Forest,M_Ap_sylv,2011,m,JUVENILE,0,NA,NA,NA,0,0,0,NA,NA,NA,NA,NA,NA,NA,NA,NA,NA,NA,NA,NA,NA,NA,NA,0
BB10346,BOULT,Hedge,M_Ap_sylv,2011,m,JUVENILE,0,NA,NA,NA,0,0,0,NA,NA,NA,NA,NA,NA,NA,NA,NA,NA,NA,NA,NA,NA,NA,NA,0
BB10347,BOULT,Hedge,M_Ap_flav,2011,f,JUVENILE,1,1,1,0,0,0,0,1,0,0,0,0,0,0,0,0,0,0,0,0,0,0,0,0
BB10348,BOULT,Hedge,M_Ap_sylv,2011,f,ADULT,0,NA,NA,NA,0,0,0,NA,NA,NA,NA,NA,NA,NA,NA,NA,NA,NA,NA,NA,NA,NA,NA,0
BB10349,BOULT,Forest,M_Ap_sylv,2011,f,ADULT,0,NA,NA,NA,0,0,0,NA,NA,NA,NA,NA,NA,NA,NA,NA,NA,NA,NA,NA,NA,NA,NA,0
BB10350,BOULT,Forest,M_Ap_sylv,2011,m,JUVENILE,0,NA,NA,NA,0,0,0,NA,NA,NA,NA,NA,NA,NA,NA,NA,NA,NA,NA,NA,NA,NA,NA,0
BB10351,BOULT,Farm,M_Ra_norv,2011,m,ADULT,1,2,1,2,0,0,0,0,0,1,0,0,1,0,0,0,0,0,0,0,0,0,0,0
BB10352,BOULT,Forest,M_Ap_sylv,2011,m,JUVENILE,0,NA,NA,NA,0,0,0,NA,NA,NA,NA,NA,NA,NA,NA,NA,NA,NA,NA,NA,NA,NA,NA,0
BB10353,BOULT,Forest,M_Ap_sylv,2011,f,ADULT,0,NA,NA,NA,0,0,0,NA,NA,NA,NA,NA,NA,NA,NA,NA,NA,NA,NA,NA,NA,NA,NA,0
BB10354,BOULT,Forest,M_Ap_sylv,2011,m,JUVENILE,0,NA,NA,NA,0,1,0,NA,NA,NA,NA,NA,NA,NA,NA,NA,NA,NA,NA,NA,NA,NA,NA,0
BB10355,BOULT,Forest,C_My_glar,2011,f,ADULT,0,NA,NA,NA,0,1,0,NA,NA,NA,NA,NA,NA,NA,NA,NA,NA,NA,NA,NA,NA,NA,NA,0
BB10356,BOULT,Hedge,M_Ap_sylv,2011,m,JUVENILE,0,NA,NA,NA,0,0,0,NA,NA,NA,NA,NA,NA,NA,NA,NA,NA,NA,NA,NA,NA,NA,NA,0
BB10357,BOULT,Hedge,M_Ap_sylv,2011,m,JUVENILE,0,NA,NA,NA,0,0,0,NA,NA,NA,NA,NA,NA,NA,NA,NA,NA,NA,NA,NA,NA,NA,NA,0
BB10358,BOULT,Hedge,M_Ap_sylv,2011,m,JUVENILE,0,NA,NA,NA,0,0,0,NA,NA,NA,NA,NA,NA,NA,NA,NA,NA,NA,NA,NA,NA,NA,NA,0
BR10001,BRIQUENAY,Forest,C_My_glar,2010,f,ADULT,1,1,1,0,0,1,0,1,0,0,0,0,0,0,0,0,0,0,0,0,0,0,0,0
BR10002,BRIQUENAY,Forest,M_Ap_sylv,2010,f,NA,1,1,1,0,0,0,0,1,0,0,0,0,0,0,0,0,0,0,0,0,0,0,0,0
BR10003,BRIQUENAY,Hedge,M_Ap_sylv,2010,m,JUVENILE,0,NA,NA,NA,0,0,0,NA,NA,NA,NA,NA,NA,NA,NA,NA,NA,NA,NA,NA,NA,NA,NA,0
BR10004,BRIQUENAY,Hedge,C_My_glar,2010,f,JUVENILE,0,NA,NA,NA,0,1,0,NA,NA,NA,NA,NA,NA,NA,NA,NA,NA,NA,NA,NA,NA,NA,NA,0
BR10005,BRIQUENAY,Forest,C_My_glar,2010,m,JUVENILE,0,NA,NA,NA,0,1,0,NA,NA,NA,NA,NA,NA,NA,NA,NA,NA,NA,NA,NA,NA,NA,NA,0
BR10006,BRIQUENAY,Hedge,C_My_glar,2010,m,ADULT,0,NA,NA,NA,0,0,0,NA,NA,NA,NA,NA,NA,NA,NA,NA,NA,NA,NA,NA,NA,NA,NA,0
BR10007,BRIQUENAY,Forest,M_Ap_sylv,2010,m,ADULT,0,NA,NA,NA,0,0,0,NA,NA,NA,NA,NA,NA,NA,NA,NA,NA,NA,NA,NA,NA,NA,NA,0
BR10008,BRIQUENAY,Hedge,M_Ap_sylv,2010,m,ADULT,0,NA,NA,NA,0,0,0,NA,NA,NA,NA,NA,NA,NA,NA,NA,NA,NA,NA,NA,NA,NA,NA,0
BR10009,BRIQUENAY,Hedge,M_Ap_sylv,2010,m,ADULT,1,1,1,0,0,0,0,1,0,0,0,0,0,0,0,0,0,0,0,0,0,0,0,0
BR10010,BRIQUENAY,Hedge,M_Ap_sylv,2010,f,ADULT,1,2,1,1,0,0,0,1,0,1,0,0,0,0,0,0,0,0,0,0,0,0,0,0
BR10011,BRIQUENAY,Forest,M_Ap_sylv,2010,m,ADULT,0,NA,NA,NA,0,0,0,NA,NA,NA,NA,NA,NA,NA,NA,NA,NA,NA,NA,NA,NA,NA,NA,0
BR10012,BRIQUENAY,Hedge,M_Ap_sylv,2010,m,JUVENILE,0,NA,NA,NA,0,0,0,NA,NA,NA,NA,NA,NA,NA,NA,NA,NA,NA,NA,NA,NA,NA,NA,0
BR10013,BRIQUENAY,Hedge,M_Ap_sylv,2010,f,JUVENILE,1,1,1,0,0,0,0,1,0,0,0,0,0,0,0,0,0,0,0,0,0,0,0,0
BR10014,BRIQUENAY,Hedge,M_Ap_sylv,2010,f,JUVENILE,0,NA,NA,NA,0,0,0,NA,NA,NA,NA,NA,NA,NA,NA,NA,NA,NA,NA,NA,NA,NA,NA,0
BR10015,BRIQUENAY,Meadow,C_Ar_sche,2010,f,ADULT,0,NA,NA,NA,0,0,0,NA,NA,NA,NA,NA,NA,NA,NA,NA,NA,NA,NA,NA,NA,NA,NA,0
BR10016,BRIQUENAY,Meadow,C_Ar_sche,2010,f,ADULT,0,NA,NA,NA,0,1,0,NA,NA,NA,NA,NA,NA,NA,NA,NA,NA,NA,NA,NA,NA,NA,NA,0
BR10017,BRIQUENAY,Meadow,C_Ar_sche,2010,f,JUVENILE,0,NA,NA,NA,0,0,0,NA,NA,NA,NA,NA,NA,NA,NA,NA,NA,NA,NA,NA,NA,NA,NA,0
BR10018,BRIQUENAY,Meadow,C_Ar_sche,2010,f,JUVENILE,0,NA,NA,NA,0,0,0,NA,NA,NA,NA,NA,NA,NA,NA,NA,NA,NA,NA,NA,NA,NA,NA,0
BR10019,BRIQUENAY,Meadow,C_Ar_sche,2010,m,JUVENILE,0,NA,NA,NA,0,0,0,NA,NA,NA,NA,NA,NA,NA,NA,NA,NA,NA,NA,NA,NA,NA,NA,0
BR10020,BRIQUENAY,Meadow,C_Ar_sche,2010,f,ADULT,0,NA,NA,NA,0,0,0,NA,NA,NA,NA,NA,NA,NA,NA,NA,NA,NA,NA,NA,NA,NA,NA,0
BR10021,BRIQUENAY,Meadow,C_Ar_sche,2010,f,ADULT,1,0,0,0,0,1,0,0,0,0,0,0,0,0,0,0,0,0,0,0,0,0,0,0
BR10022,BRIQUENAY,Meadow,C_Ar_sche,2010,m,ADULT,1,1,1,0,0,0,0,1,0,0,0,0,0,0,0,0,0,0,0,0,0,0,0,0
BR10023,BRIQUENAY,Meadow,C_Ar_sche,2010,f,ADULT,0,NA,NA,NA,0,0,0,NA,NA,NA,NA,NA,NA,NA,NA,NA,NA,NA,NA,NA,NA,NA,NA,0
BR10024,BRIQUENAY,Meadow,C_Ar_sche,2010,f,ADULT,0,NA,NA,NA,0,1,0,NA,NA,NA,NA,NA,NA,NA,NA,NA,NA,NA,NA,NA,NA,NA,NA,0
BR10025,BRIQUENAY,Forest,M_Ap_sylv,2010,m,JUVENILE,0,NA,NA,NA,0,0,0,NA,NA,NA,NA,NA,NA,NA,NA,NA,NA,NA,NA,NA,NA,NA,NA,0
BR10026,BRIQUENAY,Forest,M_Ap_sylv,2010,m,ADULT,0,NA,NA,NA,0,0,0,NA,NA,NA,NA,NA,NA,NA,NA,NA,NA,NA,NA,NA,NA,NA,NA,0
BR10027,BRIQUENAY,Farm,M_Ra_norv,2010,m,ADULT,1,4,1,3,0,0,0,0,0,1,0,0,0,1,0,0,0,1,1,0,0,0,0,0
BR10028,BRIQUENAY,Hedge,M_Ap_sylv,2010,f,JUVENILE,0,NA,NA,NA,0,0,0,NA,NA,NA,NA,NA,NA,NA,NA,NA,NA,NA,NA,NA,NA,NA,NA,0
BR10029,BRIQUENAY,Forest,M_Ap_sylv,2010,m,JUVENILE,0,NA,NA,NA,0,0,0,NA,NA,NA,NA,NA,NA,NA,NA,NA,NA,NA,NA,NA,NA,NA,NA,0
BR10030,BRIQUENAY,Forest,M_Ap_flav,2010,f,JUVENILE,1,1,1,0,0,0,0,1,0,0,0,0,0,0,0,0,0,0,0,0,0,0,0,0
BR10031,BRIQUENAY,Forest,M_Ap_sylv,2010,f,JUVENILE,1,1,1,0,0,0,0,1,0,0,0,0,0,0,0,0,0,0,0,0,0,0,0,0
BR10032,BRIQUENAY,Farm,M_Ra_norv,2010,f,ADULT,1,2,1,2,0,0,0,0,0,1,0,0,1,0,0,0,0,0,0,0,0,0,0,0
BR10033,BRIQUENAY,Forest,M_Ap_flav,2010,f,ADULT,1,1,1,0,0,0,0,1,0,0,0,0,0,0,0,0,0,0,0,0,0,0,0,0
BR10034,BRIQUENAY,Forest,C_My_glar,2010,m,JUVENILE,0,NA,NA,NA,0,1,0,NA,NA,NA,NA,NA,NA,NA,NA,NA,NA,NA,NA,NA,NA,NA,NA,0
BR10035,BRIQUENAY,Meadow,C_Ar_sche,2010,m,ADULT,0,NA,NA,NA,0,0,0,NA,NA,NA,NA,NA,NA,NA,NA,NA,NA,NA,NA,NA,NA,NA,NA,0
BR10036,BRIQUENAY,Meadow,C_Ar_sche,2010,m,ADULT,0,NA,NA,NA,0,0,0,NA,NA,NA,NA,NA,NA,NA,NA,NA,NA,NA,NA,NA,NA,NA,NA,0
BR10037,BRIQUENAY,Meadow,C_Ar_sche,2010,m,ADULT,1,0,0,0,0,1,0,0,0,0,0,0,0,0,0,0,0,0,0,0,0,0,0,0
BR10038,BRIQUENAY,Meadow,C_Ar_sche,2010,f,ADULT,1,1,1,0,0,0,0,1,0,0,0,0,0,0,0,0,0,0,0,0,0,0,0,0
BR10039,BRIQUENAY,Meadow,C_Ar_sche,2010,f,ADULT,0,NA,NA,NA,0,0,0,NA,NA,NA,NA,NA,NA,NA,NA,NA,NA,NA,NA,NA,NA,NA,NA,0
BR10040,BRIQUENAY,Meadow,C_Ar_sche,2010,f,ADULT,1,1,1,0,0,1,0,1,0,0,0,0,0,0,0,0,0,0,0,0,0,0,0,0
BR10041,BRIQUENAY,Meadow,C_Ar_sche,2010,m,ADULT,0,NA,NA,NA,0,1,0,NA,NA,NA,NA,NA,NA,NA,NA,NA,NA,NA,NA,NA,NA,NA,NA,0
BR10042,BRIQUENAY,Meadow,C_Ar_sche,2010,f,ADULT,1,1,1,0,0,1,0,1,0,0,0,0,0,0,0,0,0,0,0,0,0,0,0,0
BR10043,BRIQUENAY,Meadow,C_Ar_sche,2010,f,ADULT,0,NA,NA,NA,0,0,0,NA,NA,NA,NA,NA,NA,NA,NA,NA,NA,NA,NA,NA,NA,NA,NA,0
BR10044,BRIQUENAY,Meadow,C_Ar_sche,2010,m,ADULT,0,NA,NA,NA,0,1,0,NA,NA,NA,NA,NA,NA,NA,NA,NA,NA,NA,NA,NA,NA,NA,NA,0
BR10045,BRIQUENAY,Hedge,M_Ap_sylv,2010,m,JUVENILE,0,NA,NA,NA,0,0,0,NA,NA,NA,NA,NA,NA,NA,NA,NA,NA,NA,NA,NA,NA,NA,NA,0
BR10046,BRIQUENAY,Hedge,M_Ap_sylv,2010,f,ADULT,1,2,1,1,0,0,0,1,0,0,0,1,0,0,0,0,0,0,0,0,0,0,0,0
BR10047,BRIQUENAY,Hedge,M_Ap_sylv,2010,m,JUVENILE,1,1,1,0,0,1,0,1,0,0,0,0,0,0,0,0,0,0,0,0,0,0,0,0
BR10048,BRIQUENAY,Hedge,C_My_glar,2010,m,ADULT,1,0,0,0,0,1,0,0,0,0,0,0,0,0,0,0,0,0,0,0,0,0,0,0
BR10049,BRIQUENAY,Forest,C_My_glar,2010,f,ADULT,1,2,1,0,0,0,0,1,0,0,0,0,0,0,0,0,0,0,0,0,0,0,1,0
BR10050,BRIQUENAY,Farm,M_Ra_norv,2010,m,ADULT,1,5,1,5,0,0,0,0,0,1,0,0,1,1,1,0,0,1,0,0,0,0,0,0
BR10051,BRIQUENAY,Forest,C_My_glar,2010,m,ADULT,1,1,1,0,0,0,0,1,0,0,0,0,0,0,0,0,0,0,0,0,0,0,0,0
BR10052,BRIQUENAY,Forest,C_My_glar,2010,m,ADULT,1,2,1,1,0,0,0,1,1,0,0,0,0,0,0,0,0,0,0,0,0,0,0,0
BR10053,BRIQUENAY,Forest,C_My_glar,2010,f,ADULT,1,1,1,0,0,0,0,1,0,0,0,0,0,0,0,0,0,0,0,0,0,0,0,0
BR10054,BRIQUENAY,Forest,C_My_glar,2010,m,JUVENILE,1,0,0,0,0,1,0,0,0,0,0,0,0,0,0,0,0,0,0,0,0,0,0,0
BR10055,BRIQUENAY,Forest,M_Ap_sylv,2010,m,ADULT,1,2,1,1,0,0,0,1,0,0,0,1,0,0,0,0,0,0,0,0,0,0,0,0
BR10056,BRIQUENAY,Meadow,C_Ar_sche,2010,f,ADULT,1,1,1,0,0,1,0,1,0,0,0,0,0,0,0,0,0,0,0,0,0,0,0,0
BR10057,BRIQUENAY,Meadow,C_Ar_sche,2010,m,ADULT,1,1,1,0,0,1,0,1,0,0,0,0,0,0,0,0,0,0,0,0,0,0,0,0
BR10058,BRIQUENAY,Meadow,C_Ar_sche,2010,f,ADULT,0,NA,NA,NA,0,1,0,NA,NA,NA,NA,NA,NA,NA,NA,NA,NA,NA,NA,NA,NA,NA,NA,0
BR10059,BRIQUENAY,Meadow,C_Ar_sche,2010,m,ADULT,0,NA,NA,NA,0,1,0,NA,NA,NA,NA,NA,NA,NA,NA,NA,NA,NA,NA,NA,NA,NA,NA,0
BR10060,BRIQUENAY,Meadow,C_Ar_sche,2010,f,ADULT,0,NA,NA,NA,0,0,0,NA,NA,NA,NA,NA,NA,NA,NA,NA,NA,NA,NA,NA,NA,NA,NA,0
BR10061,BRIQUENAY,Meadow,C_Ar_sche,2010,f,ADULT,0,NA,NA,NA,0,1,0,NA,NA,NA,NA,NA,NA,NA,NA,NA,NA,NA,NA,NA,NA,NA,NA,0
BR10062,BRIQUENAY,Meadow,C_Ar_sche,2010,m,ADULT,0,NA,NA,NA,0,0,0,NA,NA,NA,NA,NA,NA,NA,NA,NA,NA,NA,NA,NA,NA,NA,NA,0
BR10063,BRIQUENAY,Meadow,C_Ar_sche,2010,m,ADULT,0,NA,NA,NA,0,0,0,NA,NA,NA,NA,NA,NA,NA,NA,NA,NA,NA,NA,NA,NA,NA,NA,0
BR10064,BRIQUENAY,Meadow,C_Ar_sche,2010,m,ADULT,0,NA,NA,NA,0,0,0,NA,NA,NA,NA,NA,NA,NA,NA,NA,NA,NA,NA,NA,NA,NA,NA,0
BR10065,BRIQUENAY,Hedge,M_Ap_sylv,2010,f,JUVENILE,1,0,0,0,0,0,0,0,0,0,0,0,0,0,0,0,0,0,0,0,0,0,0,0
BR10066,BRIQUENAY,Hedge,C_My_glar,2010,m,ADULT,1,2,1,1,0,1,0,1,0,0,1,0,0,0,0,0,0,0,0,0,0,0,0,0
BR10067,BRIQUENAY,Hedge,M_Ap_sylv,2010,m,ADULT,1,1,1,0,0,0,0,1,0,0,0,0,0,0,0,0,0,0,0,0,0,0,0,0
BR10068,BRIQUENAY,Hedge,M_Ap_sylv,2010,m,JUVENILE,0,NA,NA,NA,0,0,0,NA,NA,NA,NA,NA,NA,NA,NA,NA,NA,NA,NA,NA,NA,NA,NA,0
BR10069,BRIQUENAY,Hedge,C_My_glar,2010,m,JUVENILE,0,NA,NA,NA,0,0,0,NA,NA,NA,NA,NA,NA,NA,NA,NA,NA,NA,NA,NA,NA,NA,NA,0
BR10070,BRIQUENAY,Hedge,M_Ap_sylv,2010,m,ADULT,1,2,1,2,0,0,0,0,0,1,0,1,0,0,0,0,0,0,0,0,0,0,0,0
BR10071,BRIQUENAY,Hedge,M_Ap_sylv,2010,f,ADULT,1,0,0,0,0,0,0,0,0,0,0,0,0,0,0,0,0,0,0,0,0,0,0,0
BR10072,BRIQUENAY,Hedge,M_Ap_sylv,2010,m,JUVENILE,0,NA,NA,NA,0,0,0,NA,NA,NA,NA,NA,NA,NA,NA,NA,NA,NA,NA,NA,NA,NA,NA,0
BR10073,BRIQUENAY,Forest,C_My_glar,2010,m,ADULT,1,1,1,0,0,0,0,1,0,0,0,0,0,0,0,0,0,0,0,0,0,0,0,0
BR10074,BRIQUENAY,Forest,M_Ap_sylv,2010,m,ADULT,1,1,1,0,0,0,0,1,0,0,0,0,0,0,0,0,0,0,0,0,0,0,0,0
BR10075,BRIQUENAY,Meadow,C_Ar_sche,2010,f,ADULT,0,NA,NA,NA,0,0,0,NA,NA,NA,NA,NA,NA,NA,NA,NA,NA,NA,NA,NA,NA,NA,NA,0
BR10076,BRIQUENAY,Meadow,C_Ar_sche,2010,m,ADULT,0,NA,NA,NA,0,0,0,NA,NA,NA,NA,NA,NA,NA,NA,NA,NA,NA,NA,NA,NA,NA,NA,0
BR10077,BRIQUENAY,Farm,M_Ra_norv,2010,f,ADULT,1,2,1,2,0,0,0,0,0,1,0,0,0,0,0,0,0,1,0,0,0,0,0,0
BR10078,BRIQUENAY,Meadow,C_Ar_sche,2010,f,ADULT,0,NA,NA,NA,0,1,0,NA,NA,NA,NA,NA,NA,NA,NA,NA,NA,NA,NA,NA,NA,NA,NA,0
BR10079,BRIQUENAY,Meadow,C_Ar_sche,2010,f,JUVENILE,0,NA,NA,NA,0,1,0,NA,NA,NA,NA,NA,NA,NA,NA,NA,NA,NA,NA,NA,NA,NA,NA,0
BR10080,BRIQUENAY,Meadow,C_Ar_sche,2010,f,ADULT,0,NA,NA,NA,0,0,0,NA,NA,NA,NA,NA,NA,NA,NA,NA,NA,NA,NA,NA,NA,NA,NA,0
BR10081,BRIQUENAY,Meadow,C_Ar_sche,2010,m,ADULT,1,1,1,0,0,1,0,1,0,0,0,0,0,0,0,0,0,0,0,0,0,0,0,0
BR10082,BRIQUENAY,Meadow,C_Ar_sche,2010,m,ADULT,0,NA,NA,NA,0,1,0,NA,NA,NA,NA,NA,NA,NA,NA,NA,NA,NA,NA,NA,NA,NA,NA,0
BR10083,BRIQUENAY,Meadow,C_Ar_sche,2010,f,ADULT,0,NA,NA,NA,NA,NA,NA,NA,NA,NA,NA,NA,NA,NA,NA,NA,NA,NA,NA,NA,NA,NA,NA,NA
BR10084,BRIQUENAY,Meadow,C_Ar_sche,2010,f,ADULT,0,NA,NA,NA,NA,NA,NA,NA,NA,NA,NA,NA,NA,NA,NA,NA,NA,NA,NA,NA,NA,NA,NA,NA
BR10085,BRIQUENAY,Hedge,C_My_glar,2010,f,ADULT,1,2,1,2,NA,NA,NA,0,1,0,0,0,0,1,0,0,0,0,0,0,0,0,0,NA
BR10086,BRIQUENAY,Hedge,M_Ap_sylv,2010,m,ADULT,1,1,1,0,0,0,0,1,0,0,0,0,0,0,0,0,0,0,0,0,0,0,0,0
BR10087,BRIQUENAY,Forest,C_My_glar,2010,f,JUVENILE,0,NA,NA,NA,NA,NA,NA,NA,NA,NA,NA,NA,NA,NA,NA,NA,NA,NA,NA,NA,NA,NA,NA,NA
BR10088,BRIQUENAY,Forest,M_Ap_sylv,2010,m,JUVENILE,0,NA,NA,NA,0,0,0,NA,NA,NA,NA,NA,NA,NA,NA,NA,NA,NA,NA,NA,NA,NA,NA,0
BR10089,BRIQUENAY,Forest,C_My_glar,2010,m,JUVENILE,0,NA,NA,NA,NA,NA,NA,NA,NA,NA,NA,NA,NA,NA,NA,NA,NA,NA,NA,NA,NA,NA,NA,NA
BR10090,BRIQUENAY,Forest,C_My_glar,2010,m,JUVENILE,0,NA,NA,NA,NA,NA,NA,NA,NA,NA,NA,NA,NA,NA,NA,NA,NA,NA,NA,NA,NA,NA,NA,NA
BR10091,BRIQUENAY,Forest,C_My_glar,2010,m,JUVENILE,0,NA,NA,NA,NA,NA,NA,NA,NA,NA,NA,NA,NA,NA,NA,NA,NA,NA,NA,NA,NA,NA,NA,NA
BR10092,BRIQUENAY,Forest,C_My_glar,2010,m,JUVENILE,0,NA,NA,NA,NA,NA,NA,NA,NA,NA,NA,NA,NA,NA,NA,NA,NA,NA,NA,NA,NA,NA,NA,NA
BR10093,BRIQUENAY,Hedge,M_Ap_sylv,2010,f,ADULT,0,NA,NA,NA,0,0,0,NA,NA,NA,NA,NA,NA,NA,NA,NA,NA,NA,NA,NA,NA,NA,NA,0
BR10094,BRIQUENAY,Hedge,M_Ap_sylv,2010,f,ADULT,0,NA,NA,NA,0,0,0,NA,NA,NA,NA,NA,NA,NA,NA,NA,NA,NA,NA,NA,NA,NA,NA,0
BR10095,BRIQUENAY,Hedge,C_My_glar,2010,m,ADULT,0,NA,NA,NA,NA,NA,NA,NA,NA,NA,NA,NA,NA,NA,NA,NA,NA,NA,NA,NA,NA,NA,NA,NA
BR10096,BRIQUENAY,Hedge,M_Ap_sylv,2010,m,ADULT,0,NA,NA,NA,0,0,0,NA,NA,NA,NA,NA,NA,NA,NA,NA,NA,NA,NA,NA,NA,NA,NA,0
BR10097,BRIQUENAY,Meadow,C_Ar_sche,2010,f,ADULT,0,NA,NA,NA,0,1,0,NA,NA,NA,NA,NA,NA,NA,NA,NA,NA,NA,NA,NA,NA,NA,NA,0
BR10098,BRIQUENAY,Meadow,C_Ar_sche,2010,f,ADULT,0,NA,NA,NA,0,1,0,NA,NA,NA,NA,NA,NA,NA,NA,NA,NA,NA,NA,NA,NA,NA,NA,0
BR10099,BRIQUENAY,Meadow,C_Ar_sche,2010,m,JUVENILE,0,NA,NA,NA,0,0,0,NA,NA,NA,NA,NA,NA,NA,NA,NA,NA,NA,NA,NA,NA,NA,NA,0
BR10100,BRIQUENAY,Meadow,C_Ar_sche,2010,m,ADULT,0,NA,NA,NA,0,1,0,NA,NA,NA,NA,NA,NA,NA,NA,NA,NA,NA,NA,NA,NA,NA,NA,0
BR10101,BRIQUENAY,Meadow,C_Ar_sche,2010,m,ADULT,0,NA,NA,NA,0,0,0,NA,NA,NA,NA,NA,NA,NA,NA,NA,NA,NA,NA,NA,NA,NA,NA,0
BR10102,BRIQUENAY,Meadow,C_Ar_sche,2010,f,JUVENILE,0,NA,NA,NA,0,1,0,NA,NA,NA,NA,NA,NA,NA,NA,NA,NA,NA,NA,NA,NA,NA,NA,0
BR10103,BRIQUENAY,Meadow,C_Ar_sche,2010,m,JUVENILE,0,NA,NA,NA,0,1,0,NA,NA,NA,NA,NA,NA,NA,NA,NA,NA,NA,NA,NA,NA,NA,NA,0
BR10104,BRIQUENAY,Meadow,C_Ar_sche,2010,m,ADULT,1,1,1,0,0,0,0,1,0,0,0,0,0,0,0,0,0,0,0,0,0,0,0,0
BR10105,BRIQUENAY,Meadow,C_Ar_sche,2010,f,ADULT,1,1,1,0,0,1,0,1,0,0,0,0,0,0,0,0,0,0,0,0,0,0,0,0
BR10106,BRIQUENAY,Meadow,C_Ar_sche,2010,f,ADULT,0,NA,NA,NA,0,1,0,NA,NA,NA,NA,NA,NA,NA,NA,NA,NA,NA,NA,NA,NA,NA,NA,0
BR10107,BRIQUENAY,Meadow,C_Ar_sche,2010,f,ADULT,0,NA,NA,NA,0,0,0,NA,NA,NA,NA,NA,NA,NA,NA,NA,NA,NA,NA,NA,NA,NA,NA,0
BR10108,BRIQUENAY,Meadow,C_Ar_sche,2010,f,ADULT,1,1,1,0,0,1,0,1,0,0,0,0,0,0,0,0,0,0,0,0,0,0,0,0
BR10109,BRIQUENAY,Meadow,C_Ar_sche,2010,f,JUVENILE,0,NA,NA,NA,0,1,0,NA,NA,NA,NA,NA,NA,NA,NA,NA,NA,NA,NA,NA,NA,NA,NA,0
BR10110,BRIQUENAY,Meadow,C_Ar_sche,2010,m,ADULT,0,NA,NA,NA,0,1,0,NA,NA,NA,NA,NA,NA,NA,NA,NA,NA,NA,NA,NA,NA,NA,NA,0
BR10111,BRIQUENAY,Hedge,M_Ap_sylv,2010,m,ADULT,1,1,1,0,0,0,0,1,0,0,0,0,0,0,0,0,0,0,0,0,0,0,0,0
BR10112,BRIQUENAY,Hedge,M_Ap_sylv,2010,f,JUVENILE,0,NA,NA,NA,0,0,0,NA,NA,NA,NA,NA,NA,NA,NA,NA,NA,NA,NA,NA,NA,NA,NA,0
BR10113,BRIQUENAY,Hedge,C_My_glar,2010,f,ADULT,0,NA,NA,NA,0,1,0,NA,NA,NA,NA,NA,NA,NA,NA,NA,NA,NA,NA,NA,NA,NA,NA,0
BR10114,BRIQUENAY,Hedge,C_My_glar,2010,m,ADULT,1,2,1,0,0,0,0,1,0,0,0,0,0,0,0,0,0,0,0,0,0,0,1,0
BR10115,BRIQUENAY,Hedge,M_Ap_sylv,2010,m,JUVENILE,0,NA,NA,NA,0,0,0,NA,NA,NA,NA,NA,NA,NA,NA,NA,NA,NA,NA,NA,NA,NA,NA,0
BR10116,BRIQUENAY,Hedge,M_Ap_sylv,2010,f,ADULT,1,0,0,0,0,0,0,0,0,0,0,0,0,0,0,0,0,0,0,0,0,0,0,0
BR10117,BRIQUENAY,Hedge,C_My_glar,2010,m,ADULT,1,1,1,1,0,1,0,0,0,0,0,0,0,0,0,0,1,0,0,0,0,0,0,0
BR10118,BRIQUENAY,Hedge,C_My_glar,2010,f,ADULT,1,1,1,0,NA,NA,NA,1,0,0,0,0,0,0,0,0,0,0,0,0,0,0,0,NA
BR10119,BRIQUENAY,Forest,C_My_glar,2010,f,ADULT,1,1,1,0,0,0,0,1,0,0,0,0,0,0,0,0,0,0,0,0,0,0,0,0
BR10120,BRIQUENAY,Forest,C_My_glar,2010,m,ADULT,0,NA,NA,NA,0,0,0,NA,NA,NA,NA,NA,NA,NA,NA,NA,NA,NA,NA,NA,NA,NA,NA,0
BR10121,BRIQUENAY,Meadow,C_Ar_sche,2010,m,ADULT,0,NA,NA,NA,0,0,0,NA,NA,NA,NA,NA,NA,NA,NA,NA,NA,NA,NA,NA,NA,NA,NA,0
BR10122,BRIQUENAY,Meadow,C_Ar_sche,2010,m,ADULT,1,1,1,0,0,0,0,1,0,0,0,0,0,0,0,0,0,0,0,0,0,0,0,0
BR10123,BRIQUENAY,Meadow,C_Ar_sche,2010,m,ADULT,1,2,1,0,0,0,0,1,0,0,0,0,0,0,0,0,0,0,0,1,0,0,0,0
BR10124,BRIQUENAY,Meadow,C_Ar_sche,2010,m,ADULT,0,NA,NA,NA,0,0,0,NA,NA,NA,NA,NA,NA,NA,NA,NA,NA,NA,NA,NA,NA,NA,NA,0
BR10125,BRIQUENAY,Meadow,C_Ar_sche,2010,m,ADULT,1,0,0,0,0,0,0,0,0,0,0,0,0,0,0,0,0,0,0,0,0,0,0,0
BR10126,BRIQUENAY,Meadow,C_Ar_sche,2010,f,ADULT,1,1,1,0,0,0,0,1,0,0,0,0,0,0,0,0,0,0,0,0,0,0,0,0
BR10127,BRIQUENAY,Meadow,C_Ar_sche,2010,m,ADULT,0,NA,NA,NA,0,1,0,NA,NA,NA,NA,NA,NA,NA,NA,NA,NA,NA,NA,NA,NA,NA,NA,0
BR10128,BRIQUENAY,Meadow,C_Ar_sche,2010,m,ADULT,1,1,1,0,NA,NA,NA,1,0,0,0,0,0,0,0,0,0,0,0,0,0,0,0,NA
BR10129,BRIQUENAY,Meadow,C_Ar_sche,2010,m,ADULT,1,1,1,0,0,0,0,1,0,0,0,0,0,0,0,0,0,0,0,0,0,0,0,0
BR10130,BRIQUENAY,Meadow,C_Ar_sche,2010,f,JUVENILE,0,NA,NA,NA,0,1,0,NA,NA,NA,NA,NA,NA,NA,NA,NA,NA,NA,NA,NA,NA,NA,NA,0
BR10131,BRIQUENAY,Meadow,C_Ar_sche,2010,m,JUVENILE,0,NA,NA,NA,0,0,0,NA,NA,NA,NA,NA,NA,NA,NA,NA,NA,NA,NA,NA,NA,NA,NA,0
BR10132,BRIQUENAY,Meadow,C_Ar_sche,2010,f,ADULT,0,NA,NA,NA,0,1,0,NA,NA,NA,NA,NA,NA,NA,NA,NA,NA,NA,NA,NA,NA,NA,NA,0
BR10133,BRIQUENAY,Meadow,C_Ar_sche,2010,m,JUVENILE,0,NA,NA,NA,0,1,0,NA,NA,NA,NA,NA,NA,NA,NA,NA,NA,NA,NA,NA,NA,NA,NA,0
BR10134,BRIQUENAY,Meadow,C_Ar_sche,2010,m,ADULT,0,NA,NA,NA,0,0,0,NA,NA,NA,NA,NA,NA,NA,NA,NA,NA,NA,NA,NA,NA,NA,NA,0
BR10135,BRIQUENAY,Meadow,C_Ar_sche,2010,f,ADULT,0,NA,NA,NA,0,0,0,NA,NA,NA,NA,NA,NA,NA,NA,NA,NA,NA,NA,NA,NA,NA,NA,0
BR10136,BRIQUENAY,Meadow,C_Ar_sche,2010,m,ADULT,1,2,1,0,0,1,0,1,0,0,0,0,0,0,0,0,0,0,0,0,1,0,0,0
BR10137,BRIQUENAY,Meadow,C_Ar_sche,2010,f,ADULT,1,0,0,0,0,0,0,0,0,0,0,0,0,0,0,0,0,0,0,0,0,0,0,0
BR10138,BRIQUENAY,Meadow,C_Ar_sche,2010,f,ADULT,0,NA,NA,NA,0,0,0,NA,NA,NA,NA,NA,NA,NA,NA,NA,NA,NA,NA,NA,NA,NA,NA,0
BR10139,BRIQUENAY,Hedge,C_My_glar,2010,m,ADULT,1,1,1,0,0,0,0,1,0,0,0,0,0,0,0,0,0,0,0,0,0,0,0,0
BR10140,BRIQUENAY,Hedge,M_Ap_sylv,2010,m,ADULT,1,3,1,2,0,0,0,1,0,1,0,1,0,0,0,0,0,0,0,0,0,0,0,0
BR10141,BRIQUENAY,Hedge,C_My_glar,2010,f,ADULT,0,NA,NA,NA,0,1,0,NA,NA,NA,NA,NA,NA,NA,NA,NA,NA,NA,NA,NA,NA,NA,NA,0
BR10142,BRIQUENAY,Hedge,C_My_glar,2010,f,ADULT,0,NA,NA,NA,0,0,0,NA,NA,NA,NA,NA,NA,NA,NA,NA,NA,NA,NA,NA,NA,NA,NA,0
BR10143,BRIQUENAY,Farm,M_Ra_norv,2010,f,ADULT,0,NA,NA,NA,0,0,0,NA,NA,NA,NA,NA,NA,NA,NA,NA,NA,NA,NA,NA,NA,NA,NA,0
BR10144,BRIQUENAY,Farm,M_Ra_norv,2010,m,ADULT,1,5,1,4,0,0,0,1,0,1,0,0,1,1,1,0,0,0,0,0,0,0,0,0
BR10145,BRIQUENAY,Hedge,C_Ar_sche,2010,f,ADULT,0,NA,NA,NA,0,0,0,NA,NA,NA,NA,NA,NA,NA,NA,NA,NA,NA,NA,NA,NA,NA,NA,0
BR10146,BRIQUENAY,Farm,M_Ra_norv,2010,f,ADULT,1,2,1,2,0,0,0,0,0,1,0,0,0,0,0,0,0,1,0,0,0,0,0,0
BR10147,BRIQUENAY,Hedge,M_Ap_sylv,2010,m,JUVENILE,0,NA,NA,NA,0,0,0,NA,NA,NA,NA,NA,NA,NA,NA,NA,NA,NA,NA,NA,NA,NA,NA,0
BR10148,BRIQUENAY,Hedge,C_My_glar,2010,f,JUVENILE,1,1,1,1,0,0,0,0,0,1,0,0,0,0,0,0,0,0,0,0,0,0,0,0
BR10149,BRIQUENAY,Forest,C_My_glar,2010,f,ADULT,1,1,1,0,0,1,0,1,0,0,0,0,0,0,0,0,0,0,0,0,0,0,0,0
BR10150,BRIQUENAY,Meadow,C_Ar_sche,2010,f,ADULT,0,NA,NA,NA,0,0,0,NA,NA,NA,NA,NA,NA,NA,NA,NA,NA,NA,NA,NA,NA,NA,NA,0
BR10151,BRIQUENAY,Meadow,C_Ar_sche,2010,m,ADULT,0,NA,NA,NA,0,1,0,NA,NA,NA,NA,NA,NA,NA,NA,NA,NA,NA,NA,NA,NA,NA,NA,0
BR10152,BRIQUENAY,Meadow,C_Ar_sche,2010,m,ADULT,0,NA,NA,NA,0,1,0,NA,NA,NA,NA,NA,NA,NA,NA,NA,NA,NA,NA,NA,NA,NA,NA,0
BR10153,BRIQUENAY,Meadow,C_Ar_sche,2010,f,ADULT,0,NA,NA,NA,0,1,0,NA,NA,NA,NA,NA,NA,NA,NA,NA,NA,NA,NA,NA,NA,NA,NA,0
BR10154,BRIQUENAY,Hedge,M_Ap_sylv,2010,m,JUVENILE,0,NA,NA,NA,0,0,0,NA,NA,NA,NA,NA,NA,NA,NA,NA,NA,NA,NA,NA,NA,NA,NA,0
BR10155,BRIQUENAY,Hedge,M_Ap_sylv,2010,m,ADULT,0,NA,NA,NA,0,0,0,NA,NA,NA,NA,NA,NA,NA,NA,NA,NA,NA,NA,NA,NA,NA,NA,0
BR10156,BRIQUENAY,Hedge,M_Ap_sylv,2010,m,ADULT,1,1,1,0,0,0,0,1,0,0,0,0,0,0,0,0,0,0,0,0,0,0,0,0
BR10157,BRIQUENAY,Hedge,M_Ap_sylv,2010,m,ADULT,1,1,1,0,0,0,0,1,0,0,0,0,0,0,0,0,0,0,0,0,0,0,0,0
BR10158,BRIQUENAY,Hedge,M_Ap_sylv,2010,m,ADULT,1,1,1,0,0,0,0,1,0,0,0,0,0,0,0,0,0,0,0,0,0,0,0,0
BR10159,BRIQUENAY,Hedge,C_My_glar,2010,m,JUVENILE,0,NA,NA,NA,0,0,0,NA,NA,NA,NA,NA,NA,NA,NA,NA,NA,NA,NA,NA,NA,NA,NA,0
BR10160,BRIQUENAY,Farm,M_Ra_norv,2010,f,ADULT,1,0,0,0,1,1,0,0,0,0,0,0,0,0,0,0,0,0,0,0,0,0,0,0
BR10161,BRIQUENAY,Meadow,C_Ar_sche,2010,f,ADULT,0,NA,NA,NA,0,0,0,NA,NA,NA,NA,NA,NA,NA,NA,NA,NA,NA,NA,NA,NA,NA,NA,0
BR10162,BRIQUENAY,Meadow,C_Ar_sche,2010,m,ADULT,0,NA,NA,NA,0,0,0,NA,NA,NA,NA,NA,NA,NA,NA,NA,NA,NA,NA,NA,NA,NA,NA,0
BR11163,BRIQUENAY,Forest,M_Ap_flav,2011,f,ADULT,1,1,1,0,0,0,0,1,0,0,0,0,0,0,0,0,0,0,0,0,0,0,0,0
BR11164,BRIQUENAY,Forest,M_Ap_flav,2011,m,JUVENILE,1,1,1,0,0,0,0,1,0,0,0,0,0,0,0,0,0,0,0,0,0,0,0,0
BR11165,BRIQUENAY,Forest,C_My_glar,2011,f,ADULT,0,NA,NA,NA,0,0,0,NA,NA,NA,NA,NA,NA,NA,NA,NA,NA,NA,NA,NA,NA,NA,NA,0
BR11166,BRIQUENAY,Hedge,M_Ap_flav,2011,m,ADULT,1,1,1,0,0,0,0,1,0,0,0,0,0,0,0,0,0,0,0,0,0,0,0,0
BR11167,BRIQUENAY,Hedge,C_My_glar,2011,f,ADULT,0,NA,NA,NA,0,0,0,NA,NA,NA,NA,NA,NA,NA,NA,NA,NA,NA,NA,NA,NA,NA,NA,0
BR11168,BRIQUENAY,Hedge,M_Ap_sylv,2011,f,ADULT,1,2,1,1,0,0,0,1,0,0,0,1,0,0,0,0,0,0,0,0,0,0,0,0
BR11169,BRIQUENAY,Hedge,C_Mi_arva,2011,m,JUVENILE,1,2,1,1,0,0,0,1,1,0,0,0,0,0,0,0,0,0,0,0,0,0,0,0
BR11170,BRIQUENAY,Forest,M_Ap_flav,2011,m,ADULT,1,1,1,0,0,0,0,1,0,0,0,0,0,0,0,0,0,0,0,0,0,0,0,0
BR11171,BRIQUENAY,Hedge,C_My_glar,2011,f,ADULT,1,1,1,0,0,1,0,1,0,0,0,0,0,0,0,0,0,0,0,0,0,0,0,0
BR11172,BRIQUENAY,Hedge,M_Ap_sylv,2011,m,JUVENILE,0,NA,NA,NA,0,0,0,NA,NA,NA,NA,NA,NA,NA,NA,NA,NA,NA,NA,NA,NA,NA,NA,0
BR11173,BRIQUENAY,Hedge,C_My_glar,2011,m,ADULT,1,1,1,0,0,1,0,1,0,0,0,0,0,0,0,0,0,0,0,0,0,0,0,0
BR11174,BRIQUENAY,Hedge,C_My_glar,2011,m,ADULT,0,NA,NA,NA,0,1,0,NA,NA,NA,NA,NA,NA,NA,NA,NA,NA,NA,NA,NA,NA,NA,NA,0
BR11175,BRIQUENAY,Forest,C_My_glar,2011,f,ADULT,1,1,1,0,0,1,0,1,0,0,0,0,0,0,0,0,0,0,0,0,0,0,0,0
BR11176,BRIQUENAY,Forest,M_Ap_flav,2011,m,ADULT,0,NA,NA,NA,0,0,0,NA,NA,NA,NA,NA,NA,NA,NA,NA,NA,NA,NA,NA,NA,NA,NA,0
BR11177,BRIQUENAY,Forest,M_Ap_flav,2011,f,ADULT,1,1,1,0,0,1,0,1,0,0,0,0,0,0,0,0,0,0,0,0,0,0,0,0
BR11178,BRIQUENAY,Forest,M_Ap_sylv,2011,m,JUVENILE,0,NA,NA,NA,0,0,0,NA,NA,NA,NA,NA,NA,NA,NA,NA,NA,NA,NA,NA,NA,NA,NA,0
BR11179,BRIQUENAY,Forest,C_My_glar,2011,f,ADULT,0,NA,NA,NA,0,1,0,NA,NA,NA,NA,NA,NA,NA,NA,NA,NA,NA,NA,NA,NA,NA,NA,0
BR11180,BRIQUENAY,Forest,M_Ap_sylv,2011,m,ADULT,0,NA,NA,NA,0,0,0,NA,NA,NA,NA,NA,NA,NA,NA,NA,NA,NA,NA,NA,NA,NA,NA,0
BR11181,BRIQUENAY,Farm,M_Ra_norv,2011,f,ADULT,1,3,1,2,0,0,0,1,0,1,0,0,1,0,0,0,0,0,0,0,0,0,0,0
BR11182,BRIQUENAY,Farm,M_Ra_norv,2011,m,JUVENILE,1,1,1,1,0,0,0,0,0,1,0,0,0,0,0,0,0,0,0,0,0,0,0,0
BR11183,BRIQUENAY,Meadow,C_Ar_sche,2011,m,JUVENILE,0,NA,NA,NA,0,0,0,NA,NA,NA,NA,NA,NA,NA,NA,NA,NA,NA,NA,NA,NA,NA,NA,0
BR11184,BRIQUENAY,Meadow,C_Ar_sche,2011,m,ADULT,1,1,1,0,0,0,0,1,0,0,0,0,0,0,0,0,0,0,0,0,0,0,0,0
BR11185,BRIQUENAY,Meadow,C_Ar_sche,2011,m,ADULT,1,1,1,0,0,1,0,1,0,0,0,0,0,0,0,0,0,0,0,0,0,0,0,0
BR11186,BRIQUENAY,Meadow,C_Ar_sche,2011,m,ADULT,0,NA,NA,NA,1,0,0,NA,NA,NA,NA,NA,NA,NA,NA,NA,NA,NA,NA,NA,NA,NA,NA,0
BR11187,BRIQUENAY,Meadow,C_Ar_sche,2011,f,ADULT,0,NA,NA,NA,0,0,0,NA,NA,NA,NA,NA,NA,NA,NA,NA,NA,NA,NA,NA,NA,NA,NA,0
BR11188,BRIQUENAY,Meadow,C_Ar_sche,2011,f,ADULT,0,NA,NA,NA,0,1,0,NA,NA,NA,NA,NA,NA,NA,NA,NA,NA,NA,NA,NA,NA,NA,NA,0
BR11189,BRIQUENAY,Meadow,C_Ar_sche,2011,NA,NA,0,NA,NA,NA,0,0,0,NA,NA,NA,NA,NA,NA,NA,NA,NA,NA,NA,NA,NA,NA,NA,NA,0
BR11190,BRIQUENAY,Meadow,C_Ar_sche,2011,f,ADULT,0,NA,NA,NA,0,1,0,NA,NA,NA,NA,NA,NA,NA,NA,NA,NA,NA,NA,NA,NA,NA,NA,0
BR11191,BRIQUENAY,Meadow,C_Ar_sche,2011,m,ADULT,0,NA,NA,NA,0,1,0,NA,NA,NA,NA,NA,NA,NA,NA,NA,NA,NA,NA,NA,NA,NA,NA,0
BR11192,BRIQUENAY,Hedge,C_My_glar,2011,f,JUVENILE,0,NA,NA,NA,NA,NA,NA,NA,NA,NA,NA,NA,NA,NA,NA,NA,NA,NA,NA,NA,NA,NA,NA,NA
BR11193,BRIQUENAY,Forest,C_My_glar,2011,m,ADULT,1,2,1,1,0,1,0,1,0,0,1,0,0,0,0,0,0,0,0,0,0,0,0,0
BR11194,BRIQUENAY,Forest,C_My_glar,2011,f,ADULT,0,NA,NA,NA,0,1,0,NA,NA,NA,NA,NA,NA,NA,NA,NA,NA,NA,NA,NA,NA,NA,NA,0
BR11195,BRIQUENAY,Hedge,C_Mi_agre,2011,m,ADULT,1,1,1,0,0,0,0,1,0,0,0,0,0,0,0,0,0,0,0,0,0,0,0,0
BR11196,BRIQUENAY,Hedge,M_Ap_flav,2011,m,ADULT,0,NA,NA,NA,0,0,0,NA,NA,NA,NA,NA,NA,NA,NA,NA,NA,NA,NA,NA,NA,NA,NA,0
BR11197,BRIQUENAY,Hedge,C_My_glar,2011,m,JUVENILE,0,NA,NA,NA,0,0,0,NA,NA,NA,NA,NA,NA,NA,NA,NA,NA,NA,NA,NA,NA,NA,NA,0
BR11198,BRIQUENAY,Forest,M_Ap_sylv,2011,m,ADULT,0,NA,NA,NA,0,0,0,NA,NA,NA,NA,NA,NA,NA,NA,NA,NA,NA,NA,NA,NA,NA,NA,0
BR11199,BRIQUENAY,Hedge,M_Ap_sylv,2011,m,JUVENILE,0,NA,NA,NA,0,0,0,NA,NA,NA,NA,NA,NA,NA,NA,NA,NA,NA,NA,NA,NA,NA,NA,0
BR11200,BRIQUENAY,Forest,M_Ap_sylv,2011,m,JUVENILE,0,NA,NA,NA,0,0,0,NA,NA,NA,NA,NA,NA,NA,NA,NA,NA,NA,NA,NA,NA,NA,NA,0
BR11201,BRIQUENAY,Hedge,C_My_glar,2011,f,ADULT,0,NA,NA,NA,0,0,0,NA,NA,NA,NA,NA,NA,NA,NA,NA,NA,NA,NA,NA,NA,NA,NA,0
BR11202,BRIQUENAY,Forest,M_Ap_sylv,2011,f,ADULT,1,1,1,0,0,0,0,1,0,0,0,0,0,0,0,0,0,0,0,0,0,0,0,0
BR11203,BRIQUENAY,Hedge,C_My_glar,2011,f,ADULT,1,1,1,0,0,1,0,1,0,0,0,0,0,0,0,0,0,0,0,0,0,0,0,0
BR11204,BRIQUENAY,Hedge,M_Ap_sylv,2011,m,JUVENILE,0,NA,NA,NA,0,0,0,NA,NA,NA,NA,NA,NA,NA,NA,NA,NA,NA,NA,NA,NA,NA,NA,0
BR11205,BRIQUENAY,Forest,C_My_glar,2011,f,JUVENILE,0,NA,NA,NA,0,0,0,NA,NA,NA,NA,NA,NA,NA,NA,NA,NA,NA,NA,NA,NA,NA,NA,0
BR11206,BRIQUENAY,Forest,C_My_glar,2011,f,JUVENILE,0,NA,NA,NA,0,0,0,NA,NA,NA,NA,NA,NA,NA,NA,NA,NA,NA,NA,NA,NA,NA,NA,0
BR11207,BRIQUENAY,Forest,C_My_glar,2011,m,ADULT,0,NA,NA,NA,0,1,0,NA,NA,NA,NA,NA,NA,NA,NA,NA,NA,NA,NA,NA,NA,NA,NA,0
BR11208,BRIQUENAY,Forest,M_Ap_flav,2011,m,ADULT,1,0,0,0,0,1,0,0,0,0,0,0,0,0,0,0,0,0,0,0,0,0,0,0
BR11209,BRIQUENAY,Forest,C_My_glar,2011,f,ADULT,0,NA,NA,NA,0,0,0,NA,NA,NA,NA,NA,NA,NA,NA,NA,NA,NA,NA,NA,NA,NA,NA,0
BR11210,BRIQUENAY,Forest,C_My_glar,2011,m,JUVENILE,0,NA,NA,NA,0,0,0,NA,NA,NA,NA,NA,NA,NA,NA,NA,NA,NA,NA,NA,NA,NA,NA,0
BR11211,BRIQUENAY,Forest,C_My_glar,2011,f,JUVENILE,0,NA,NA,NA,0,0,0,NA,NA,NA,NA,NA,NA,NA,NA,NA,NA,NA,NA,NA,NA,NA,NA,0
BR11212,BRIQUENAY,Forest,C_My_glar,2011,m,ADULT,0,NA,NA,NA,0,1,0,NA,NA,NA,NA,NA,NA,NA,NA,NA,NA,NA,NA,NA,NA,NA,NA,0
BR11213,BRIQUENAY,Farm,M_Ra_norv,2011,f,JUVENILE,1,1,1,1,0,0,0,0,0,1,0,0,0,0,0,0,0,0,0,0,0,0,0,0
BR11214,BRIQUENAY,Farm,M_Ra_norv,2011,m,ADULT,1,4,1,4,0,1,0,0,0,1,0,0,1,1,0,0,0,1,0,0,0,0,0,0
BR11215,BRIQUENAY,Meadow,C_Mi_arva,2011,m,JUVENILE,1,1,1,1,0,0,0,0,1,0,0,0,0,0,0,0,0,0,0,0,0,0,0,0
BR11216,BRIQUENAY,Meadow,C_Mi_arva,2011,m,JUVENILE,1,1,1,0,NA,NA,NA,1,0,0,0,0,0,0,0,0,0,0,0,0,0,0,0,NA
BR11217,BRIQUENAY,Meadow,C_Ar_sche,2011,m,ADULT,1,1,1,0,0,0,0,1,0,0,0,0,0,0,0,0,0,0,0,0,0,0,0,0
BR11218,BRIQUENAY,Meadow,C_Ar_sche,2011,m,JUVENILE,1,1,1,0,0,0,0,1,0,0,0,0,0,0,0,0,0,0,0,0,0,0,0,0
BR11219,BRIQUENAY,Meadow,C_Ar_sche,2011,f,JUVENILE,0,NA,NA,NA,0,0,0,NA,NA,NA,NA,NA,NA,NA,NA,NA,NA,NA,NA,NA,NA,NA,NA,0
BR11220,BRIQUENAY,Meadow,C_Ar_sche,2011,m,ADULT,0,NA,NA,NA,0,0,0,NA,NA,NA,NA,NA,NA,NA,NA,NA,NA,NA,NA,NA,NA,NA,NA,0
BR11221,BRIQUENAY,Meadow,C_Ar_sche,2011,f,ADULT,1,0,0,0,NA,NA,NA,0,0,0,0,0,0,0,0,0,0,0,0,0,0,0,0,NA
BR11222,BRIQUENAY,Meadow,C_Ar_sche,2011,m,ADULT,1,2,1,0,0,0,0,1,0,0,0,0,0,0,0,0,0,0,0,0,1,0,0,0
BR11223,BRIQUENAY,Forest,M_Ap_sylv,2011,f,ADULT,1,2,1,1,0,0,0,1,0,1,0,0,0,0,0,0,0,0,0,0,0,0,0,0
BR11224,BRIQUENAY,Forest,C_My_glar,2011,m,JUVENILE,0,NA,NA,NA,NA,NA,NA,NA,NA,NA,NA,NA,NA,NA,NA,NA,NA,NA,NA,NA,NA,NA,NA,NA
BR11225,BRIQUENAY,Forest,C_My_glar,2011,f,JUVENILE,0,NA,NA,NA,0,0,0,NA,NA,NA,NA,NA,NA,NA,NA,NA,NA,NA,NA,NA,NA,NA,NA,0
BR11226,BRIQUENAY,Forest,C_My_glar,2011,m,ADULT,0,NA,NA,NA,1,1,0,NA,NA,NA,NA,NA,NA,NA,NA,NA,NA,NA,NA,NA,NA,NA,NA,0
BR11227,BRIQUENAY,Forest,M_Ap_flav,2011,f,ADULT,1,0,0,0,0,1,0,0,0,0,0,0,0,0,0,0,0,0,0,0,0,0,0,0
BR11228,BRIQUENAY,Forest,C_My_glar,2011,f,JUVENILE,0,NA,NA,NA,0,0,0,NA,NA,NA,NA,NA,NA,NA,NA,NA,NA,NA,NA,NA,NA,NA,NA,0
BR11229,BRIQUENAY,Hedge,M_Ap_sylv,2011,m,JUVENILE,0,NA,NA,NA,0,0,0,NA,NA,NA,NA,NA,NA,NA,NA,NA,NA,NA,NA,NA,NA,NA,NA,0
BR11230,BRIQUENAY,Hedge,C_My_glar,2011,m,JUVENILE,0,NA,NA,NA,0,1,0,NA,NA,NA,NA,NA,NA,NA,NA,NA,NA,NA,NA,NA,NA,NA,NA,0
BR11231,BRIQUENAY,Forest,M_Ap_sylv,2011,f,JUVENILE,0,NA,NA,NA,0,0,0,NA,NA,NA,NA,NA,NA,NA,NA,NA,NA,NA,NA,NA,NA,NA,NA,0
BR11232,BRIQUENAY,Forest,M_Ap_sylv,2011,m,ADULT,0,NA,NA,NA,0,0,0,NA,NA,NA,NA,NA,NA,NA,NA,NA,NA,NA,NA,NA,NA,NA,NA,0
BR11233,BRIQUENAY,Hedge,C_My_glar,2011,m,ADULT,1,2,1,1,0,1,0,1,0,0,1,0,0,0,0,0,0,0,0,0,0,0,0,0
BR11234,BRIQUENAY,Hedge,C_My_glar,2011,m,JUVENILE,0,NA,NA,NA,0,0,0,NA,NA,NA,NA,NA,NA,NA,NA,NA,NA,NA,NA,NA,NA,NA,NA,0
BR11235,BRIQUENAY,Hedge,M_Ap_sylv,2011,m,ADULT,0,NA,NA,NA,0,0,0,NA,NA,NA,NA,NA,NA,NA,NA,NA,NA,NA,NA,NA,NA,NA,NA,0
BR11236,BRIQUENAY,Forest,C_My_glar,2011,m,ADULT,0,NA,NA,NA,0,0,0,NA,NA,NA,NA,NA,NA,NA,NA,NA,NA,NA,NA,NA,NA,NA,NA,0
BR11237,BRIQUENAY,Hedge,M_Ap_sylv,2011,m,JUVENILE,0,NA,NA,NA,0,0,0,NA,NA,NA,NA,NA,NA,NA,NA,NA,NA,NA,NA,NA,NA,NA,NA,0
BR11238,BRIQUENAY,Hedge,M_Ap_sylv,2011,m,JUVENILE,0,NA,NA,NA,0,0,0,NA,NA,NA,NA,NA,NA,NA,NA,NA,NA,NA,NA,NA,NA,NA,NA,0
BR11239,BRIQUENAY,Hedge,M_Ap_sylv,2011,f,JUVENILE,0,NA,NA,NA,0,0,0,NA,NA,NA,NA,NA,NA,NA,NA,NA,NA,NA,NA,NA,NA,NA,NA,0
BR11240,BRIQUENAY,Hedge,C_My_glar,2011,m,ADULT,1,1,1,0,0,1,0,1,0,0,0,0,0,0,0,0,0,0,0,0,0,0,0,0
BR11241,BRIQUENAY,Hedge,C_My_glar,2011,m,ADULT,1,1,1,1,0,1,0,0,0,0,1,0,0,0,0,0,0,0,0,0,0,0,0,0
BR11242,BRIQUENAY,Hedge,C_My_glar,2011,f,ADULT,1,2,1,1,0,0,0,0,0,0,1,0,0,0,0,0,0,0,0,1,0,0,0,0
BR11243,BRIQUENAY,Hedge,C_My_glar,2011,f,ADULT,0,NA,NA,NA,0,1,0,NA,NA,NA,NA,NA,NA,NA,NA,NA,NA,NA,NA,NA,NA,NA,NA,0
BR11244,BRIQUENAY,Hedge,C_My_glar,2011,m,ADULT,1,2,1,1,0,1,0,1,0,0,1,0,0,0,0,0,0,0,0,0,0,0,0,0
BR11245,BRIQUENAY,Hedge,C_My_glar,2011,f,ADULT,0,NA,NA,NA,0,1,0,NA,NA,NA,NA,NA,NA,NA,NA,NA,NA,NA,NA,NA,NA,NA,NA,0
BR11246,BRIQUENAY,Hedge,M_Ap_flav,2011,m,ADULT,0,NA,NA,NA,0,0,0,NA,NA,NA,NA,NA,NA,NA,NA,NA,NA,NA,NA,NA,NA,NA,NA,0
BR11247,BRIQUENAY,Hedge,C_My_glar,2011,f,ADULT,0,NA,NA,NA,0,1,0,NA,NA,NA,NA,NA,NA,NA,NA,NA,NA,NA,NA,NA,NA,NA,NA,0
BR11248,BRIQUENAY,Farm,M_Ra_norv,2011,f,ADULT,1,1,1,1,0,0,0,0,0,1,0,0,0,0,0,0,0,0,0,0,0,0,0,0
BR11249,BRIQUENAY,Forest,C_On_zibe,2011,m,NA,1,0,0,0,0,0,0,0,0,0,0,0,0,0,0,0,0,0,0,0,0,0,0,0
BR11250,BRIQUENAY,Meadow,C_Mi_arva,2011,m,JUVENILE,0,NA,NA,NA,0,0,0,NA,NA,NA,NA,NA,NA,NA,NA,NA,NA,NA,NA,NA,NA,NA,NA,0
BR11251,BRIQUENAY,Meadow,C_Mi_arva,2011,f,ADULT,1,3,1,2,0,0,0,1,0,0,1,0,0,0,0,0,1,0,0,0,0,0,0,0
BR11252,BRIQUENAY,Meadow,C_Ar_sche,2011,f,ADULT,0,NA,NA,NA,0,0,0,NA,NA,NA,NA,NA,NA,NA,NA,NA,NA,NA,NA,NA,NA,NA,NA,0
BR11253,BRIQUENAY,Meadow,C_Ar_sche,2011,f,JUVENILE,0,NA,NA,NA,0,0,0,NA,NA,NA,NA,NA,NA,NA,NA,NA,NA,NA,NA,NA,NA,NA,NA,0
BR11254,BRIQUENAY,Hedge,M_Ap_sylv,2011,m,ADULT,0,NA,NA,NA,0,0,0,NA,NA,NA,NA,NA,NA,NA,NA,NA,NA,NA,NA,NA,NA,NA,NA,0
BR11255,BRIQUENAY,Forest,C_My_glar,2011,m,ADULT,0,NA,NA,NA,0,0,0,NA,NA,NA,NA,NA,NA,NA,NA,NA,NA,NA,NA,NA,NA,NA,NA,0
BR11256,BRIQUENAY,Forest,C_My_glar,2011,m,ADULT,1,1,1,0,0,1,0,1,0,0,0,0,0,0,0,0,0,0,0,0,0,0,0,0
BR11257,BRIQUENAY,Forest,C_My_glar,2011,f,JUVENILE,0,NA,NA,NA,0,0,0,NA,NA,NA,NA,NA,NA,NA,NA,NA,NA,NA,NA,NA,NA,NA,NA,0
BR11258,BRIQUENAY,Hedge,M_Ap_sylv,2011,m,ADULT,1,1,1,0,0,0,0,1,0,0,0,0,0,0,0,0,0,0,0,0,0,0,0,0
BR11259,BRIQUENAY,Hedge,M_Ap_sylv,2011,m,ADULT,1,2,1,1,0,1,0,1,0,0,0,1,0,0,0,0,0,0,0,0,0,0,0,0
BR11260,BRIQUENAY,Hedge,M_Ap_sylv,2011,m,ADULT,1,1,1,0,0,0,0,1,0,0,0,0,0,0,0,0,0,0,0,0,0,0,0,0
BR11261,BRIQUENAY,Hedge,M_Ap_sylv,2011,m,ADULT,0,NA,NA,NA,0,0,0,NA,NA,NA,NA,NA,NA,NA,NA,NA,NA,NA,NA,NA,NA,NA,NA,0
BR11262,BRIQUENAY,Hedge,C_My_glar,2011,f,JUVENILE,0,NA,NA,NA,0,1,0,NA,NA,NA,NA,NA,NA,NA,NA,NA,NA,NA,NA,NA,NA,NA,NA,0
BR11263,BRIQUENAY,Meadow,C_My_glar,2011,m,JUVENILE,0,NA,NA,NA,0,1,0,NA,NA,NA,NA,NA,NA,NA,NA,NA,NA,NA,NA,NA,NA,NA,NA,0
BR11264,BRIQUENAY,Hedge,M_Ap_sylv,2011,m,ADULT,1,1,1,0,0,1,0,1,0,0,0,0,0,0,0,0,0,0,0,0,0,0,0,0
BR11265,BRIQUENAY,Hedge,C_My_glar,2011,f,ADULT,0,NA,NA,NA,0,0,0,NA,NA,NA,NA,NA,NA,NA,NA,NA,NA,NA,NA,NA,NA,NA,NA,0
BR11266,BRIQUENAY,Hedge,M_Ap_sylv,2011,m,ADULT,1,2,1,1,0,0,0,1,0,0,0,1,0,0,0,0,0,0,0,0,0,0,0,0
BR11267,BRIQUENAY,Hedge,C_My_glar,2011,m,ADULT,1,1,1,0,0,1,0,1,0,0,0,0,0,0,0,0,0,0,0,0,0,0,0,0
BR11268,BRIQUENAY,Forest,C_My_glar,2011,f,ADULT,1,4,1,1,0,0,0,1,0,0,1,0,0,0,0,0,0,0,0,1,0,1,0,0
BR11269,BRIQUENAY,Forest,M_Ap_flav,2011,m,ADULT,1,1,1,0,0,1,0,1,0,0,0,0,0,0,0,0,0,0,0,0,0,0,0,0
BR11270,BRIQUENAY,Forest,C_My_glar,2011,m,ADULT,1,1,1,0,0,1,0,1,0,0,0,0,0,0,0,0,0,0,0,0,0,0,0,0
BR11271,BRIQUENAY,Farm,M_Ra_norv,2011,m,ADULT,1,3,1,3,NA,NA,NA,0,0,1,0,0,1,1,0,0,0,0,0,0,0,0,0,NA
BR11272,BRIQUENAY,Farm,M_Ra_norv,2011,f,ADULT,1,2,1,2,0,1,0,0,0,1,0,0,1,0,0,0,0,0,0,0,0,0,0,0
BR11273,BRIQUENAY,Farm,M_Ra_norv,2011,f,ADULT,1,2,1,2,0,0,0,0,0,1,0,0,1,0,0,0,0,0,0,0,0,0,0,0
BR11274,BRIQUENAY,Farm,M_Ra_norv,2011,m,JUVENILE,1,2,1,1,0,0,0,1,0,1,0,0,0,0,0,0,0,0,0,0,0,0,0,0
BR11275,BRIQUENAY,Meadow,C_Ar_sche,2011,f,ADULT,1,1,1,0,0,0,0,1,0,0,0,0,0,0,0,0,0,0,0,0,0,0,0,0
BR11276,BRIQUENAY,Meadow,C_Ar_sche,2011,f,ADULT,1,1,1,0,0,0,0,1,0,0,0,0,0,0,0,0,0,0,0,0,0,0,0,0
BR11277,BRIQUENAY,Meadow,C_Ar_sche,2011,f,ADULT,1,1,1,0,0,0,0,1,0,0,0,0,0,0,0,0,0,0,0,0,0,0,0,0
BR11278,BRIQUENAY,Meadow,C_Ar_sche,2011,m,ADULT,0,NA,NA,NA,0,0,0,NA,NA,NA,NA,NA,NA,NA,NA,NA,NA,NA,NA,NA,NA,NA,NA,0
BR11279,BRIQUENAY,Meadow,C_Ar_sche,2011,f,ADULT,1,1,1,0,0,0,0,1,0,0,0,0,0,0,0,0,0,0,0,0,0,0,0,0
BR11280,BRIQUENAY,Meadow,C_Mi_arva,2011,m,JUVENILE,1,1,1,0,0,0,0,1,0,0,0,0,0,0,0,0,0,0,0,0,0,0,0,0
BR11281,BRIQUENAY,Meadow,C_Mi_arva,2011,m,ADULT,1,0,0,0,0,0,0,0,0,0,0,0,0,0,0,0,0,0,0,0,0,0,0,0
BR11282,BRIQUENAY,Forest,C_My_glar,2011,f,JUVENILE,0,NA,NA,NA,0,0,0,NA,NA,NA,NA,NA,NA,NA,NA,NA,NA,NA,NA,NA,NA,NA,NA,0
BR11283,BRIQUENAY,Forest,C_My_glar,2011,f,ADULT,0,NA,NA,NA,0,1,0,NA,NA,NA,NA,NA,NA,NA,NA,NA,NA,NA,NA,NA,NA,NA,NA,0
BR11284,BRIQUENAY,Hedge,M_Ap_flav,2011,f,JUVENILE,0,NA,NA,NA,0,0,0,NA,NA,NA,NA,NA,NA,NA,NA,NA,NA,NA,NA,NA,NA,NA,NA,0
BR11285,BRIQUENAY,Hedge,M_Ap_sylv,2011,m,JUVENILE,0,NA,NA,NA,0,0,0,NA,NA,NA,NA,NA,NA,NA,NA,NA,NA,NA,NA,NA,NA,NA,NA,0
BR11286,BRIQUENAY,Hedge,M_Ap_sylv,2011,f,JUVENILE,1,1,1,0,0,1,0,1,0,0,0,0,0,0,0,0,0,0,0,0,0,0,0,0
BR11287,BRIQUENAY,Hedge,C_My_glar,2011,f,ADULT,1,1,1,0,0,1,0,1,0,0,0,0,0,0,0,0,0,0,0,0,0,0,0,0
BR11288,BRIQUENAY,Hedge,M_Ap_sylv,2011,m,ADULT,1,1,1,0,0,0,0,1,0,0,0,0,0,0,0,0,0,0,0,0,0,0,0,0
BR11289,BRIQUENAY,Forest,M_Ap_flav,2011,f,ADULT,1,1,1,0,0,0,0,1,0,0,0,0,0,0,0,0,0,0,0,0,0,0,0,0
BR11290,BRIQUENAY,Forest,M_Ap_flav,2011,m,ADULT,0,NA,NA,NA,0,0,0,NA,NA,NA,NA,NA,NA,NA,NA,NA,NA,NA,NA,NA,NA,NA,NA,0
BR11291,BRIQUENAY,Forest,C_My_glar,2011,f,ADULT,1,2,1,1,0,1,0,1,0,0,1,0,0,0,0,0,0,0,0,0,0,0,0,0
BR11292,BRIQUENAY,Forest,M_Ap_flav,2011,f,ADULT,1,2,1,1,0,1,0,1,0,0,0,0,0,0,1,0,0,0,0,0,0,0,0,0
BR11293,BRIQUENAY,Forest,C_My_glar,2011,f,JUVENILE,0,NA,NA,NA,0,1,0,NA,NA,NA,NA,NA,NA,NA,NA,NA,NA,NA,NA,NA,NA,NA,NA,0
BR11294,BRIQUENAY,Forest,C_My_glar,2011,NA,ADULT,0,NA,NA,NA,0,1,0,NA,NA,NA,NA,NA,NA,NA,NA,NA,NA,NA,NA,NA,NA,NA,NA,0
BR11295,BRIQUENAY,Forest,C_My_glar,2011,f,ADULT,0,NA,NA,NA,0,1,0,NA,NA,NA,NA,NA,NA,NA,NA,NA,NA,NA,NA,NA,NA,NA,NA,0
BR11296,BRIQUENAY,Hedge,M_Ap_sylv,2011,m,ADULT,1,0,0,0,NA,NA,NA,0,0,0,0,0,0,0,0,0,0,0,0,0,0,0,0,NA
BR11297,BRIQUENAY,Hedge,M_Ap_sylv,2011,f,ADULT,1,1,1,0,0,1,0,1,0,0,0,0,0,0,0,0,0,0,0,0,0,0,0,0
BR11298,BRIQUENAY,Hedge,C_My_glar,2011,m,ADULT,0,NA,NA,NA,0,0,0,NA,NA,NA,NA,NA,NA,NA,NA,NA,NA,NA,NA,NA,NA,NA,NA,0
BR11299,BRIQUENAY,Hedge,M_Ap_sylv,2011,m,ADULT,1,3,1,1,0,0,0,1,0,1,0,0,0,0,0,0,0,0,0,1,0,0,0,0
BR11300,BRIQUENAY,Farm,M_Ra_norv,2011,f,ADULT,1,2,1,2,0,0,0,0,0,1,0,0,0,0,0,0,0,1,0,0,0,0,0,0
BR11301,BRIQUENAY,Hedge,C_My_glar,2011,f,JUVENILE,0,NA,NA,NA,0,0,0,NA,NA,NA,NA,NA,NA,NA,NA,NA,NA,NA,NA,NA,NA,NA,NA,0
BR11302,BRIQUENAY,Hedge,M_Ap_sylv,2011,m,ADULT,1,1,1,0,0,0,0,1,0,0,0,0,0,0,0,0,0,0,0,0,0,0,0,0
BR11303,BRIQUENAY,Hedge,C_My_glar,2011,m,JUVENILE,0,NA,NA,NA,0,0,0,NA,NA,NA,NA,NA,NA,NA,NA,NA,NA,NA,NA,NA,NA,NA,NA,0
BR11304,BRIQUENAY,Hedge,M_Ap_sylv,2011,m,ADULT,1,1,1,0,0,0,0,1,0,0,0,0,0,0,0,0,0,0,0,0,0,0,0,0
BR11305,BRIQUENAY,Farm,M_Ra_norv,2011,m,ADULT,1,3,1,3,0,0,0,0,0,1,0,0,1,1,0,0,0,0,0,0,0,0,0,0
BR11306,BRIQUENAY,Farm,M_Ra_norv,2011,f,JUVENILE,1,1,1,1,0,0,0,0,0,1,0,0,0,0,0,0,0,0,0,0,0,0,0,0
BR11307,BRIQUENAY,Hedge,M_Ap_sylv,2011,m,ADULT,1,0,0,0,0,0,0,0,0,0,0,0,0,0,0,0,0,0,0,0,0,0,0,0
BR11308,BRIQUENAY,Meadow,C_Mi_arva,2011,m,ADULT,1,4,1,3,0,0,0,1,1,0,1,0,0,0,0,0,1,0,0,0,0,0,0,0
BR11309,BRIQUENAY,Hedge,C_My_glar,2011,f,ADULT,1,1,1,0,0,1,0,1,0,0,0,0,0,0,0,0,0,0,0,0,0,0,0,0
BR11310,BRIQUENAY,Meadow,C_Mi_arva,2011,f,ADULT,1,0,0,0,0,0,0,0,0,0,0,0,0,0,0,0,0,0,0,0,0,0,0,0
BR11311,BRIQUENAY,Meadow,C_Mi_arva,2011,m,ADULT,1,3,1,2,1,0,0,1,1,0,1,0,0,0,0,0,0,0,0,0,0,0,0,0
BR11312,BRIQUENAY,Meadow,C_Ar_sche,2011,f,ADULT,0,NA,NA,NA,0,0,0,NA,NA,NA,NA,NA,NA,NA,NA,NA,NA,NA,NA,NA,NA,NA,NA,0
BR11313,BRIQUENAY,Meadow,C_Mi_arva,2011,m,JUVENILE,0,NA,NA,NA,NA,NA,NA,NA,NA,NA,NA,NA,NA,NA,NA,NA,NA,NA,NA,NA,NA,NA,NA,NA
BR11314,BRIQUENAY,Meadow,C_Ar_sche,2011,m,ADULT,0,NA,NA,NA,0,0,0,NA,NA,NA,NA,NA,NA,NA,NA,NA,NA,NA,NA,NA,NA,NA,NA,0
BR11315,BRIQUENAY,Meadow,C_Ar_sche,2011,m,JUVENILE,0,NA,NA,NA,0,0,0,NA,NA,NA,NA,NA,NA,NA,NA,NA,NA,NA,NA,NA,NA,NA,NA,0
BR11316,BRIQUENAY,Meadow,C_Ar_sche,2011,m,ADULT,1,1,1,0,0,0,0,1,0,0,0,0,0,0,0,0,0,0,0,0,0,0,0,0
BR11317,BRIQUENAY,Meadow,C_Ar_sche,2011,f,ADULT,1,1,1,0,0,1,0,1,0,0,0,0,0,0,0,0,0,0,0,0,0,0,0,0
BR11318,BRIQUENAY,Meadow,C_Ar_sche,2011,m,ADULT,1,2,1,0,0,0,0,1,0,0,0,0,0,0,0,0,0,0,1,0,0,0,0,0
BR11319,BRIQUENAY,Meadow,C_Ar_sche,2011,f,JUVENILE,0,NA,NA,NA,0,1,0,NA,NA,NA,NA,NA,NA,NA,NA,NA,NA,NA,NA,NA,NA,NA,NA,0
BR11320,BRIQUENAY,Meadow,C_Ar_sche,2011,f,ADULT,1,1,1,0,0,0,0,0,0,0,0,0,0,0,0,0,0,0,0,1,0,0,0,0
BR11321,BRIQUENAY,Meadow,C_Ar_sche,2011,m,JUVENILE,0,NA,NA,NA,0,0,0,NA,NA,NA,NA,NA,NA,NA,NA,NA,NA,NA,NA,NA,NA,NA,NA,0
BR11322,BRIQUENAY,Meadow,C_Ar_sche,2011,m,JUVENILE,0,NA,NA,NA,0,0,0,NA,NA,NA,NA,NA,NA,NA,NA,NA,NA,NA,NA,NA,NA,NA,NA,0
BR11323,BRIQUENAY,Hedge,M_Ap_sylv,2011,f,ADULT,1,0,0,0,0,0,0,0,0,0,0,0,0,0,0,0,0,0,0,0,0,0,0,0
BR11324,BRIQUENAY,Hedge,C_My_glar,2011,f,ADULT,0,NA,NA,NA,0,0,0,NA,NA,NA,NA,NA,NA,NA,NA,NA,NA,NA,NA,NA,NA,NA,NA,0
BR11325,BRIQUENAY,Hedge,M_Ap_sylv,2011,f,JUVENILE,1,2,1,1,0,0,0,1,0,0,0,1,0,0,0,0,0,0,0,0,0,0,0,0
BR11326,BRIQUENAY,Hedge,C_My_glar,2011,f,ADULT,0,NA,NA,NA,0,1,0,NA,NA,NA,NA,NA,NA,NA,NA,NA,NA,NA,NA,NA,NA,NA,NA,0
BR11327,BRIQUENAY,Hedge,M_Ap_sylv,2011,m,ADULT,0,NA,NA,NA,0,0,0,NA,NA,NA,NA,NA,NA,NA,NA,NA,NA,NA,NA,NA,NA,NA,NA,0
BR11328,BRIQUENAY,Hedge,C_Mi_arva,2011,f,ADULT,1,2,1,1,0,0,0,1,1,0,0,0,0,0,0,0,0,0,0,0,0,0,0,0
BR11329,BRIQUENAY,Hedge,M_Ap_sylv,2011,f,JUVENILE,1,2,1,1,NA,NA,NA,1,0,0,0,1,0,0,0,0,0,0,0,0,0,0,0,NA
BR11330,BRIQUENAY,Hedge,M_Ap_sylv,2011,f,ADULT,1,1,1,0,0,0,0,1,0,0,0,0,0,0,0,0,0,0,0,0,0,0,0,0
BR11331,BRIQUENAY,Hedge,C_My_glar,2011,f,ADULT,0,NA,NA,NA,0,1,0,NA,NA,NA,NA,NA,NA,NA,NA,NA,NA,NA,NA,NA,NA,NA,NA,0
BR11332,BRIQUENAY,Hedge,M_Ap_sylv,2011,f,ADULT,0,NA,NA,NA,0,0,0,NA,NA,NA,NA,NA,NA,NA,NA,NA,NA,NA,NA,NA,NA,NA,NA,0
BR11333,BRIQUENAY,Hedge,C_My_glar,2011,f,ADULT,1,3,1,2,0,1,0,1,1,0,1,0,0,0,0,0,0,0,0,0,0,0,0,0
BR11334,BRIQUENAY,Hedge,M_Ap_sylv,2011,m,ADULT,0,NA,NA,NA,0,0,0,NA,NA,NA,NA,NA,NA,NA,NA,NA,NA,NA,NA,NA,NA,NA,NA,0
BR11335,BRIQUENAY,Hedge,C_My_glar,2011,m,ADULT,0,NA,NA,NA,0,1,0,NA,NA,NA,NA,NA,NA,NA,NA,NA,NA,NA,NA,NA,NA,NA,NA,0
BR11336,BRIQUENAY,Farm,M_Ra_norv,2011,f,JUVENILE,1,1,1,1,0,0,0,0,0,1,0,0,0,0,0,0,0,0,0,0,0,0,0,0
BR11337,BRIQUENAY,Meadow,C_Ar_sche,2011,f,ADULT,0,NA,NA,NA,0,0,0,NA,NA,NA,NA,NA,NA,NA,NA,NA,NA,NA,NA,NA,NA,NA,NA,0
BR11338,BRIQUENAY,Meadow,C_Ar_sche,2011,m,ADULT,1,0,0,0,0,0,0,0,0,0,0,0,0,0,0,0,0,0,0,0,0,0,0,0
BR11339,BRIQUENAY,Meadow,C_Ar_sche,2011,m,ADULT,1,1,1,0,0,0,0,1,0,0,0,0,0,0,0,0,0,0,0,0,0,0,0,0
BR11340,BRIQUENAY,Meadow,C_Ar_sche,2011,m,ADULT,0,NA,NA,NA,0,1,0,NA,NA,NA,NA,NA,NA,NA,NA,NA,NA,NA,NA,NA,NA,NA,NA,0
BR11341,BRIQUENAY,Meadow,C_Ar_sche,2011,m,ADULT,0,NA,NA,NA,0,0,0,NA,NA,NA,NA,NA,NA,NA,NA,NA,NA,NA,NA,NA,NA,NA,NA,0
BR11342,BRIQUENAY,Meadow,C_Ar_sche,2011,m,ADULT,0,NA,NA,NA,0,1,0,NA,NA,NA,NA,NA,NA,NA,NA,NA,NA,NA,NA,NA,NA,NA,NA,0
BR11343,BRIQUENAY,Meadow,C_Ar_sche,2011,m,ADULT,1,2,1,0,0,1,0,1,0,0,0,0,0,0,0,0,0,0,1,0,0,0,0,0
BR11344,BRIQUENAY,Meadow,C_Ar_sche,2011,f,ADULT,1,1,1,0,0,1,0,1,0,0,0,0,0,0,0,0,0,0,0,0,0,0,0,0
BR11345,BRIQUENAY,Meadow,C_Ar_sche,2011,f,ADULT,1,1,1,0,0,1,0,1,0,0,0,0,0,0,0,0,0,0,0,0,0,0,0,0
BR11346,BRIQUENAY,Meadow,C_Mi_arva,2011,m,JUVENILE,1,1,1,0,0,0,0,1,0,0,0,0,0,0,0,0,0,0,0,0,0,0,0,0
BR11347,BRIQUENAY,Hedge,M_Ap_sylv,2011,m,ADULT,0,NA,NA,NA,0,0,0,NA,NA,NA,NA,NA,NA,NA,NA,NA,NA,NA,NA,NA,NA,NA,NA,0
BR11348,BRIQUENAY,Hedge,M_Ap_sylv,2011,m,JUVENILE,0,NA,NA,NA,0,0,0,NA,NA,NA,NA,NA,NA,NA,NA,NA,NA,NA,NA,NA,NA,NA,NA,0
BR11349,BRIQUENAY,Hedge,M_Ap_sylv,2011,m,JUVENILE,0,NA,NA,NA,0,0,0,NA,NA,NA,NA,NA,NA,NA,NA,NA,NA,NA,NA,NA,NA,NA,NA,0
BR11350,BRIQUENAY,Hedge,M_Ap_sylv,2011,m,JUVENILE,0,NA,NA,NA,0,0,0,NA,NA,NA,NA,NA,NA,NA,NA,NA,NA,NA,NA,NA,NA,NA,NA,0
BR11351,BRIQUENAY,Hedge,M_Ap_sylv,2011,f,JUVENILE,1,1,1,1,0,0,0,0,0,0,0,1,0,0,0,0,0,0,0,0,0,0,0,0
BR11352,BRIQUENAY,Hedge,C_My_glar,2011,m,ADULT,0,NA,NA,NA,0,1,0,NA,NA,NA,NA,NA,NA,NA,NA,NA,NA,NA,NA,NA,NA,NA,NA,0
BR11353,BRIQUENAY,Hedge,M_Ap_flav,2011,m,ADULT,1,2,1,1,0,0,0,1,1,0,0,0,0,0,0,0,0,0,0,0,0,0,0,0
BR11354,BRIQUENAY,Hedge,C_My_glar,2011,m,ADULT,0,NA,NA,NA,0,1,0,NA,NA,NA,NA,NA,NA,NA,NA,NA,NA,NA,NA,NA,NA,NA,NA,0
BR11355,BRIQUENAY,Farm,M_Ra_norv,2011,m,ADULT,1,4,1,4,0,0,0,0,0,1,0,0,1,1,1,0,0,0,0,0,0,0,0,0
BR11356,BRIQUENAY,Meadow,C_Ar_sche,2011,f,ADULT,1,1,1,0,0,1,0,1,0,0,0,0,0,0,0,0,0,0,0,0,0,0,0,0
BR11357,BRIQUENAY,Meadow,C_Ar_sche,2011,m,ADULT,1,1,1,0,0,1,0,1,0,0,0,0,0,0,0,0,0,0,0,0,0,0,0,0