priority;code_mission;year;season;localite;date_pose;numero_ligne;date_releve;numero_releve;numero_piege;trap_type;latitude_piege;longitude_piege;code_resultat;abbrev_resultat;resultat;numero_terrain;commentaire;taxon_capture;numero_centre;date_dissection;observations;sexe;poids;demogroup;longueur_tete_corps;longueur_queue;testicules;testicules_longueur;vesicule_seminale_taille;vulve_ouverte;lactation;cicatrices_placentaires_presentes;gestation;uterus;taxon_mamm;type;PCA_axis2;PCA_axis1;connectivity;treatment;hedgerow;category;broadleaved_class
5,13;Septembre_2024;2024;Autumn;FRA - BePrep - 4;23/09/2024;4;24/09/2024;1;4;INRA;44.5754718;-0.6019155;1;capture;capture;NCHA100151;Mulot;;NCHA100151;24/09/2024;2 tiques;M;23.2;adult;95;87;-;6;+;;;;;;Apodemus sylvaticus;NC_HB;-0.0139154501746544;1.61562865798644;NC;NC;Yes;hedgerows;HB
5,13;Septembre_2024;2024;Autumn;FRA - BePrep - 4;23/09/2024;4;24/09/2024;1;6;INRA;44.5756177;-0.6019003;1;capture;capture;NCHA100153;Mulot;;NCHA100153;24/09/2024;11 tiques;F;25.7;adult;99;94;;;;-;+;+;-;+;Apodemus sylvaticus;NC_HB;-0.0139154501746544;1.61562865798644;NC;NC;Yes;hedgerows;HB
5,13;Septembre_2024;2024;Autumn;FRA - BePrep - 4;23/09/2024;4;24/09/2024;1;15;INRA;44.5761397;-0.6016269;1;capture;capture;NCHA100155;Mulot;;NCHA100155;24/09/2024;2 tiques;M;16.6;adult;84;83;+;10;-;;;;;;Apodemus sylvaticus;NC_HB;-0.0139154501746544;1.61562865798644;NC;NC;Yes;hedgerows;HB
5,13;Septembre_2024;2024;Autumn;FRA - BePrep - 4;23/09/2024;4;24/09/2024;1;16;INRA;44.5762095;-0.601578;1;capture;capture;NCHA100156;Mulot;;NCHA100156;24/09/2024;;F;21.6;adult;93;95;;;;-;+;+;-;+;Apodemus sylvaticus;NC_HB;-0.0139154501746544;1.61562865798644;NC;NC;Yes;hedgerows;HB
5,13;Septembre_2024;2024;Autumn;FRA - BePrep - 7;23/09/2024;7;24/09/2024;1;1;INRA;44.6070936;-0.6223847;1;capture;capture;NCHA100157;Mulot;;NCHA100157;24/09/2024;4 tiques;M;23.2;adult;94;89;+;11;+;;;;;;Apodemus sylvaticus;C_LB;2.62784420318873;0.110090629582909;C;C;Yes;hedgerows;LB
5,13;Septembre_2024;2024;Autumn;FRA - BePrep - 7;23/09/2024;7;24/09/2024;1;8;INRA;44.6073625;-0.6226079;1;capture;capture;NCHA100162;Mulot;;NCHA100162;24/09/2024;;F;17.6;adult;88;83;;;;+;-;-;-;+;Apodemus sylvaticus;C_LB;2.62784420318873;0.110090629582909;C;C;Yes;hedgerows;LB
5,13;Septembre_2024;2024;Autumn;FRA - BePrep - 7;23/09/2024;7;24/09/2024;1;12;INRA;44.6075573;-0.6227478;1;capture;capture;NCHA100163;Mulot;;NCHA100163;24/09/2024;2 tiques;F;12.7;adult;76;78;;;;+;-;;-;+;Apodemus sylvaticus;C_LB;2.62784420318873;0.110090629582909;C;C;Yes;hedgerows;LB
5,13;Septembre_2024;2024;Autumn;FRA - BePrep - 38;23/09/2024;38;24/09/2024;1;14;INRA;44.6592033;-0.5729629;1;capture;capture;NCHA100166;mulot;;NCHA100166;24/09/2024;queue coupee;F;16.2;adult;87;;;;;+;+;+;-;+;Apodemus sylvaticus;B;;;NA;B;No;broadleaved_forest;B
5,13;Septembre_2024;2024;Autumn;FRA - BePrep - 1;23/09/2024;1;24/09/2024;1;18;INRA;44.6163246;-0.5585635;1;capture;capture;NCHA100167;mulot;;NCHA100167;24/09/2024;1 tique;F;22.2;adult;93;92;;;;-;-;+;-;+;Apodemus sylvaticus;NC_LB;-0.247147436579861;0.708253161846475;NC;NC;Yes;hedgerows;LB
5,13;Septembre_2024;2024;Autumn;FRA - BePrep - 9;23/09/2024;9;24/09/2024;1;8;INRA;44.5749738;-0.5604357;1;capture;capture;NCHA100170;Mulot;;NCHA100170;24/09/2024;20 tiques;M;23.7;adult;95;81;-;12;+;;;;;;Apodemus sylvaticus;NC_LB;0.347884947065335;1.0840139962278;NC;NC;Yes;hedgerows;LB
5,13;Septembre_2024;2024;Autumn;FRA - BePrep - 9;23/09/2024;9;25/09/2024;2;5;INRA;44.5750622;-0.5600809;1;capture;capture;NCHA100176;mulot;;NCHA100176;25/09/2024;1 tique;F;21.4;adult;95;100;;;;-;+;+;-;+;Apodemus sylvaticus;NC_LB;0.347884947065335;1.0840139962278;NC;NC;Yes;hedgerows;LB
5,13;Septembre_2024;2024;Autumn;FRA - BePrep - 5;23/09/2024;5;25/09/2024;3;19;INRA;44.5960552;-0.5989334;1;capture;capture;NCHA100177;mulot;;NCHA100177;25/09/2024;1 tique;M;20.9;adult;91;94;-;13;+;;;;;;Apodemus sylvaticus;CT_LB;0.169084222469953;-3.26357348163429;NA;CT;No;pine_edge;LB
5,13;Septembre_2024;2024;Autumn;FRA - BePrep - 44;23/09/2024;44;25/09/2024;2;1;INRA;44.6181322;-0.5337514;1;capture;capture;NCHA100188;mulot;;NCHA100188;25/09/2024;12 tiques;M;20.7;adult;94;93;+;14;+;;;;;;Apodemus sylvaticus;B;;;NA;B;No;broadleaved_forest;B
5,13;Septembre_2024;2024;Autumn;FRA - BePrep - 44;23/09/2024;44;25/09/2024;2;19;INRA;44.6177551;-0.5337623;1;capture;capture;NCHA100189;mulot;;NCHA100189;25/09/2024;5 tiques;M;21.4;adult;96;88;+;15;+;;;;;;Apodemus sylvaticus;B;;;NA;B;No;broadleaved_forest;B
5,13;Septembre_2024;2024;Autumn;FRA - BePrep - 44;23/09/2024;44;25/09/2024;2;20;INRA;44.6177569;-0.5337466;1;capture;capture;NCHA100190;mulot;;NCHA100190;25/09/2024;9 tiques;F;14.9;adult;82;84;;;;+;-;-;-;+;Apodemus sylvaticus;B;;;NA;B;No;broadleaved_forest;B
5,13;Septembre_2024;2024;Autumn;FRA - BePrep - 4;23/09/2024;4;26/09/2024;3;9;INRA;44.5757686;-0.6018463;1;capture;capture;NCHA100192;Mulot;;NCHA100192;26/09/2024;2 tiques;M;20.9;adult;93;91;+;6;-;;;;;;Apodemus sylvaticus;NC_HB;-0.0139154501746544;1.61562865798644;NC;NC;Yes;hedgerows;HB
5,13;Septembre_2024;2024;Autumn;FRA - BePrep - 4;23/09/2024;4;26/09/2024;3;4;INRA;44.5754718;-0.6019155;1;capture;capture;NCHA100195;Mulot;;NCHA100195;26/09/2024;12 tiques;F;21.6;adult;93;97;;;;-;-;+;-;+;Apodemus sylvaticus;NC_HB;-0.0139154501746544;1.61562865798644;NC;NC;Yes;hedgerows;HB
5,13;Septembre_2024;2024;Autumn;FRA - BePrep - 7;23/09/2024;7;26/09/2024;3;19;INRA;44.6078803;-0.623058;1;capture;capture;NCHA100196;Mulot;;NCHA100196;26/09/2024;6 tiques, 1 puce;M;31.9;adult;106;105;+;15;+;;;;;;Apodemus sylvaticus;C_LB;2.62784420318873;0.110090629582909;C;C;Yes;hedgerows;LB
5,13;Septembre_2024;2024;Autumn;FRA - BePrep - 7;23/09/2024;7;26/09/2024;3;20;INRA;44.6079163;-0.62313;1;capture;capture;NCHA100200;Mulot;;NCHA100200;26/09/2024;2 tiques pas de FA;M;20;adult;89;99;+;9;+;;;;;;Apodemus sylvaticus;C_LB;2.62784420318873;0.110090629582909;C;C;Yes;hedgerows;LB
5,13;Septembre_2024;2024;Autumn;FRA - BePrep - 7;23/09/2024;7;26/09/2024;3;8;INRA;44.6073625;-0.6226079;1;capture;capture;NCHA100204;Mulot;;NCHA100204;26/09/2024;;M;15.9;adult;86;80;+;8;-;;;;;;Apodemus sylvaticus;C_LB;2.62784420318873;0.110090629582909;C;C;Yes;hedgerows;LB
5,13;Septembre_2024;2024;Autumn;FRA - BePrep - 9;23/09/2024;9;26/09/2024;3;9;INRA;44.5749445;-0.5604756;1;capture;capture;NCHA100206;Mulot;;NCHA100206;26/09/2024;;M;16.2;adult;95;87;+;5;-;;;;;;Apodemus sylvaticus;NC_LB;0.347884947065335;1.0840139962278;NC;NC;Yes;hedgerows;LB
5,13;Septembre_2024;2024;Autumn;FRA - BePrep - 12;26/09/2024;12;27/09/2024;1;13;INRA;44.5504516;-0.6843168;1;capture;capture;NCHA100207;mulot;;NCHA100207;27/09/2024;3 tiques;F;17.8;adult;88;89;;;;-;-;+;-;+;Apodemus sylvaticus;C_LB;0.538367756708193;-2.23725658506983;C;C;Yes;hedgerows;LB
5,13;Septembre_2024;2024;Autumn;FRA - BePrep - 12;26/09/2024;12;27/09/2024;1;17;INRA;44.5502069;-0.6843878;1;capture;capture;NCHA100210;mulot;;NCHA100210;27/09/2024;;F;27.2;adult;98;100;;;;+;+;+;-;+;Apodemus sylvaticus;C_LB;0.538367756708193;-2.23725658506983;C;C;Yes;hedgerows;LB
5,13;Septembre_2024;2024;Autumn;FRA - BePrep - 13;26/09/2024;13;27/09/2024;1;16;INRA;44.5209382;-0.7380928;1;capture;capture;NCHA100213;mulot;;NCHA100213;27/09/2024;7 tiques;M;20.9;adult;93;97;-;7;+;;;;;;Apodemus sylvaticus;NC_HB;0.853337899264084;1.02709481519685;NC;NC;Yes;hedgerows;HB
5,13;Septembre_2024;2024;Autumn;FRA - BePrep - 16;26/09/2024;16;27/09/2024;1;11;INRA;44.5621015;-0.7647302;1;capture;capture;NCHA100216;mulot;;NCHA100216;27/09/2024;3 tiques;F;25.7;adult;95;96;;;;-;+;+;-;+;Apodemus sylvaticus;NC_LB;-0.777086581140325;1.66569994334421;NC;NC;Yes;hedgerows;LB
5,13;Septembre_2024;2024;Autumn;FRA - BePrep - 42;26/09/2024;42;27/09/2024;1;1;INRA;44.651003;-0.6139931;1;capture;capture;NCHA100218;Mulot;;NCHA100218;27/09/2024;4 tiques;F;19.6;adult;90;87;;;;+;-;-;-;+;Apodemus sylvaticus;B;;;NA;B;No;broadleaved_forest;B
5,13;Septembre_2024;2024;Autumn;FRA - BePrep - 36;26/09/2024;36;27/09/2024;1;6;INRA;44.6443874;-0.6297401;1;capture;capture;NCHA100219;Mulot;;NCHA100219;27/09/2024;1 puce 4 tiques;M;23.9;adult;96;93;-;10;+;;;;;;Apodemus sylvaticus;C_LB;1.49872521905525;-1.64870975988528;C;C;Yes;hedgerows;LB
5,13;Septembre_2024;2024;Autumn;FRA - BePrep - 36;26/09/2024;36;27/09/2024;1;13;INRA;44.6447607;-0.6294739;1;capture;capture;NCHA100220;Mulot;;NCHA100220;27/09/2024;3 tiques Taenia ? dans cavite abdominale mis dans TD;F;29.1;adult;100;93;;;;+;+;+;-;+;Apodemus sylvaticus;C_LB;1.49872521905525;-1.64870975988528;C;C;Yes;hedgerows;LB
5,13;Septembre_2024;2024;Autumn;FRA - BePrep - 36;26/09/2024;36;27/09/2024;1;17;INRA;44.6450047;-0.6292764;1;capture;capture;NCHA100221;Mulot;;NCHA100221;27/09/2024;5 tiques 2 puces;F;28.2;adult;104;91;;;;-;+;+;-;+;Apodemus sylvaticus;C_LB;1.49872521905525;-1.64870975988528;C;C;Yes;hedgerows;LB
5,13;Septembre_2024;2024;Autumn;FRA - BePrep - 10;26/09/2024;10;27/09/2024;1;6;INRA;44.5974386;-0.6430845;1;capture;capture;NCHA100224;Mulot;;NCHA100224;27/09/2024;;F;19.6;adult;93;94;;;;+;-;+;-;+;Apodemus sylvaticus;CT_LB;0.0987575964904963;-0.669880547107416;NA;CT;No;pine_edge;LB
5,13;Septembre_2024;2024;Autumn;FRA - BePrep - 6;26/09/2024;6;27/09/2024;1;12;INRA;44.5482397;-0.6339047;1;capture;capture;NCHA100225;Mulot;;NCHA100225;27/09/2024;3 tiques urine sur FU;F;22;adult;91;94;;;;-;+;+;-;+;Apodemus sylvaticus;C_HB;1.62244961817534;3.06857891449308;C;C;Yes;hedgerows;HB
5,13;Septembre_2024;2024;Autumn;FRA - BePrep - 6;26/09/2024;6;27/09/2024;1;1;INRA;44.5478872;-0.6332748;1;capture;capture;NCHA100226;Mulot;;NCHA100226;27/09/2024;;M;23.2;adult;98;98;+;15;+;;;;;;Apodemus sylvaticus;C_HB;1.62244961817534;3.06857891449308;C;C;Yes;hedgerows;HB
5,13;Septembre_2024;2024;Autumn;FRA - BePrep - 10;26/09/2024;10;27/09/2024;1;8;INRA;44.5975211;-0.6429006;1;capture;capture;NCHA100227;Mulot;;NCHA100227;27/09/2024;6 tiques 7 puces;M;24.6;adult;103;92;+;14;+;;;;;;Apodemus sylvaticus;CT_LB;0.0987575964904963;-0.669880547107416;NA;CT;No;pine_edge;LB
5,13;Septembre_2024;2024;Autumn;FRA - BePrep - 10;26/09/2024;10;27/09/2024;1;7;INRA;44.5974387;-0.6430221;1;capture;capture;NCHA100228;Mulot;;NCHA100228;27/09/2024;;F;16.6;adult;86;85;;;;-;-;+;-;+;Apodemus sylvaticus;CT_LB;0.0987575964904963;-0.669880547107416;NA;CT;No;pine_edge;LB
5,13;Septembre_2024;2024;Autumn;FRA - BePrep - 36;26/09/2024;36;28/09/2024;2;5;INRA;44.6443967;-0.6297534;1;capture;capture;NCHA100230;Mulot;;NCHA100230;28/09/2024;1 tique;F;21.4;adult;99;104;;;;+;-;+;-;+;Apodemus sylvaticus;C_LB;1.49872521905525;-1.64870975988528;C;C;Yes;hedgerows;LB
5,13;Septembre_2024;2024;Autumn;FRA - BePrep - 43;26/09/2024;43;28/09/2024;2;18;INRA;44.6504798;-0.6108478;1;capture;capture;NCHA100231;Mulot;;NCHA100231;28/09/2024;1 puce 4 tiques;M;26.1;adult;98;94;+;15;+;;;;;;Apodemus sylvaticus;B;;;NA;B;No;broadleaved_forest;B
5,13;Septembre_2024;2024;Autumn;FRA - BePrep - 11;26/09/2024;11;28/09/2024;2;12;INRA;44.5645447;-0.6731619;1;capture;capture;NCHA100233;mulot;;NCHA100233;28/09/2024;1 tique;F;17.3;adult;81;76;;;;-;-;-;-;+;Apodemus sylvaticus;C_LB;-1.26271659357777;1.73735882419767;C;C;Yes;hedgerows;LB
5,13;Septembre_2024;2024;Autumn;FRA - BePrep - 36;26/09/2024;36;28/09/2024;2;11;INRA;44.6446613;-0.6295568;1;capture;capture;NCHA100234;Mulot;;NCHA100234;28/09/2024;3 tiques;M;26.6;adult;97;97;+;12;+;;;;;;Apodemus sylvaticus;C_LB;1.49872521905525;-1.64870975988528;C;C;Yes;hedgerows;LB
5,13;Septembre_2024;2024;Autumn;FRA - BePrep - 12;26/09/2024;12;28/09/2024;2;3;INRA;44.5508052;-0.6839515;1;capture;capture;NCHA100235;mulot piège non remplacé;;NCHA100235;28/09/2024;Queue coupee 1 tique;M;18;adult;88;;+;8;-;;;;;;Apodemus sylvaticus;C_LB;0.538367756708193;-2.23725658506983;C;C;Yes;hedgerows;LB
5,13;Septembre_2024;2024;Autumn;FRA - BePrep - 6;26/09/2024;6;28/09/2024;2;7;INRA;44.5481621;-0.6336826;1;capture;capture;NCHA100238;Mulot;;NCHA100238;28/09/2024;;F;24.1;adult;98;105;;;;+;-;+;-;+;Apodemus sylvaticus;C_HB;1.62244961817534;3.06857891449308;C;C;Yes;hedgerows;HB
5,13;Septembre_2024;2024;Autumn;FRA - BePrep - 16;26/09/2024;16;28/09/2024;2;20;INRA;44.562241;-0.765258;1;capture;capture;NCHA100240;mulot piège non remplacé;;NCHA100240;28/09/2024;7 tiques;M;18.1;adult;87;84;-;10;+;;;;;;Apodemus sylvaticus;NC_LB;-0.777086581140325;1.66569994334421;NC;NC;Yes;hedgerows;LB
5,13;Septembre_2024;2024;Autumn;FRA - BePrep - 6;26/09/2024;6;28/09/2024;2;20;INRA;44.5485714;-0.6339039;1;capture;capture;NCHA100241;Mulot;;NCHA100241;28/09/2024;5 tiques;F;26.2;adult;97;103;;;;+;-;+;-;+;Apodemus sylvaticus;C_HB;1.62244961817534;3.06857891449308;C;C;Yes;hedgerows;HB
5,13;Septembre_2024;2024;Autumn;FRA - BePrep - 11;26/09/2024;11;28/09/2024;2;7;INRA;44.5644858;-0.6727874;1;capture;capture;NCHA100245;mulot;;NCHA100245;28/09/2024;1 tique;M;26;adult;98;91;+;14;+;;;;;;Apodemus sylvaticus;C_LB;-1.26271659357777;1.73735882419767;C;C;Yes;hedgerows;LB
5,13;Septembre_2024;2024;Autumn;FRA - BePrep - 11;26/09/2024;11;28/09/2024;2;3;INRA;44.5644487;-0.6726674;1;capture;capture;NCHA100247;mulot;;NCHA100247;28/09/2024;2 puces;M;21.7;adult;100;91;+;13;+;;;;;;Apodemus sylvaticus;C_LB;-1.26271659357777;1.73735882419767;C;C;Yes;hedgerows;LB
5,13;Septembre_2024;2024;Autumn;FRA - BePrep - 17;26/09/2024;17;28/09/2024;2;18;INRA;44.5904932;-0.7638115;1;capture;capture;NCHA100248;mulot;;NCHA100248;28/09/2024;1 tique Pas de FA;F;22.3;adult;95;89;;;;+;-;+;-;+;Apodemus sylvaticus;C_HB;2.11790046781326;-1.0311236375819;C;C;Yes;hedgerows;HB
5,13;Septembre_2024;2024;Autumn;FRA - BePrep - 16;26/09/2024;16;28/09/2024;2;9;INRA;44.5620709;-0.7645961;1;capture;capture;NCHA100249;mulot;;NCHA100249;28/09/2024;2 tiques;M;21.4;adult;90;73;+;13;-;;;;;;Apodemus sylvaticus;NC_LB;-0.777086581140325;1.66569994334421;NC;NC;Yes;hedgerows;LB
5,13;Septembre_2024;2024;Autumn;FRA - BePrep - 16;26/09/2024;16;28/09/2024;2;14;INRA;44.5621486;-0.7648567;1;capture;capture;NCHA100252;mulot;;NCHA100252;28/09/2024;5 tiques;F;20.1;adult;86;86;;;;-;+;+;-;+;Apodemus sylvaticus;NC_LB;-0.777086581140325;1.66569994334421;NC;NC;Yes;hedgerows;LB
5,13;Septembre_2024;2024;Autumn;FRA - BePrep - 16;26/09/2024;16;28/09/2024;2;1;INRA;44.5619658;-0.764044;1;capture;capture;NCHA100253;mulot;;NCHA100253;28/09/2024;16 tiques Pas de FA;F;14.2;adult;85;86;;;;+;-;-;-;+;Apodemus sylvaticus;NC_LB;-0.777086581140325;1.66569994334421;NC;NC;Yes;hedgerows;LB
5,13;Septembre_2024;2024;Autumn;FRA - BePrep - 6;26/09/2024;6;29/09/2024;3;2;INRA;44.5478835;-0.6333045;1;capture;capture;NCHA100256;Mulot;;NCHA100256;29/09/2024;2 tiques pas de FA;F;19.8;adult;89;88;;;;+;-;-;-;+;Apodemus sylvaticus;C_HB;1.62244961817534;3.06857891449308;C;C;Yes;hedgerows;HB
5,13;Septembre_2024;2024;Autumn;FRA - BePrep - 17;26/09/2024;17;29/09/2024;3;18;INRA;44.5904932;-0.7638115;1;capture;capture;NCHA100257;mulot;;NCHA100257;29/09/2024;3 tiques 1 puce;M;20.2;adult;93;85;+;12;+;;;;;;Apodemus sylvaticus;C_HB;2.11790046781326;-1.0311236375819;C;C;Yes;hedgerows;HB
5,13;Septembre_2024;2024;Autumn;FRA - BePrep - 15;26/09/2024;15;29/09/2024;3;2;INRA;44.5485836;-0.7401858;1;capture;capture;NCHA100258;mulot gardé;;NCHA100258;29/09/2024;2 tiques;M;19.3;adult;91;88;+;6;-;;;;;;Apodemus sylvaticus;CT_LB;-2.85543943397807;-1.27491502801314;NA;CT;No;pine_edge;LB
5,13;Septembre_2024;2024;Autumn;FRA - BePrep - 6;26/09/2024;6;29/09/2024;3;7;INRA;44.5481621;-0.6336826;1;capture;capture;NCHA100260;Mulot;;NCHA100260;29/09/2024;5 tiques;F;17.4;adult;85;81;;;;-;-;-;-;+;Apodemus sylvaticus;C_HB;1.62244961817534;3.06857891449308;C;C;Yes;hedgerows;HB
5,13;Septembre_2024;2024;Autumn;FRA - BePrep - 10;26/09/2024;10;29/09/2024;3;6;INRA;44.5974386;-0.6430845;1;capture;capture;NCHA100262;Mulot;;NCHA100262;29/09/2024;;F;18.5;adult;89;99;;;;+;-;+;-;+;Apodemus sylvaticus;CT_LB;0.0987575964904963;-0.669880547107416;NA;CT;No;pine_edge;LB
5,13;Septembre_2024;2024;Autumn;FRA - BePrep - 21;29/09/2024;21;30/09/2024;1;18;INRA;44.5685082;-0.9778934;1;capture;capture;NCHA100265;mulot;;NCHA100265;30/09/2024;2 puces 3 tiques;M;25.7;adult;101;90;-;8;-;;;;;;Apodemus sylvaticus;NC_LB;-1.30672504872056;0.868921443947109;NC;NC;Yes;hedgerows;LB
5,13;Septembre_2024;2024;Autumn;FRA - BePrep - 23;29/09/2024;23;30/09/2024;1;18;INRA;44.5780914;-0.9050697;1;capture;capture;NCHA100268;mulot;;NCHA100268;30/09/2024;1 puce, 1 tique;M;23;adult;89;82;+;14;+;;;;;;Apodemus sylvaticus;CT_HB;-2.2020829635987;1.00721205989026;NA;CT;No;pine_edge;HB
5,13;Septembre_2024;2024;Autumn;FRA - BePrep - 19;29/09/2024;19;30/09/2024;1;3;INRA;44.5878492;-0.9710117;1;capture;capture;NCHA100271;mulot;;NCHA100271;30/09/2024;2 puces 1 tique;F;12.9;adult;82;80;;;;-;-;-;-;+;Apodemus sylvaticus;NC_LB;0.23132417692985;1.3456269148708;NC;NC;Yes;hedgerows;LB
5,13;Septembre_2024;2024;Autumn;FRA - BePrep - 19;29/09/2024;19;30/09/2024;1;17;INRA;44.5873402;-0.9717006;1;capture;capture;NCHA100275;mulot;;NCHA100275;30/09/2024;;F;21.1;adult;85;90;;;;-;-;+;-;+;Apodemus sylvaticus;NC_LB;0.23132417692985;1.3456269148708;NC;NC;Yes;hedgerows;LB
5,13;Septembre_2024;2024;Autumn;FRA - BePrep - 51;29/09/2024;51;30/09/2024;1;1;INRA;44.4972279;-0.6397618;1;capture;capture;NCHA100280;Mulot;;NCHA100280;30/09/2024;;M;28.2;adult;98;97;-;10;+;;;;;;Apodemus sylvaticus;B;;;NA;B;No;broadleaved_forest;B
5,13;Septembre_2024;2024;Autumn;FRA - BePrep - 51;29/09/2024;51;30/09/2024;1;6;INRA;44.4974522;-0.6398371;1;capture;capture;NCHA100284;Mulot;;NCHA100284;30/09/2024;;M;29;adult;99;87;+;14;+;;;;;;Apodemus sylvaticus;B;;;NA;B;No;broadleaved_forest;B
5,13;Septembre_2024;2024;Autumn;FRA - BePrep - 51;29/09/2024;51;30/09/2024;1;20;INRA;44.4979747;-0.6400712;1;capture;capture;NCHA100285;Mulot;;NCHA100285;30/09/2024;;M;16.8;adult;86;87;+;6;-;;;;;;Apodemus sylvaticus;B;;;NA;B;No;broadleaved_forest;B
5,13;Septembre_2024;2024;Autumn;FRA - BePrep - 21;29/09/2024;21;01/10/2024;2;13;INRA;44.5680457;-0.9779234;1;capture;capture;NCHA100292;mulot;;NCHA100292;01/10/2024;;F;16;adult;81;86;;;;+;-;-;-;-;Apodemus sylvaticus;NC_LB;-1.30672504872056;0.868921443947109;NC;NC;Yes;hedgerows;LB
5,13;Septembre_2024;2024;Autumn;FRA - BePrep - 53;29/09/2024;53;01/10/2024;2;17;INRA;44.5143807;-0.5831581;1;capture;capture;NCHA100294;Mulot;;NCHA100294;01/10/2024;1 tique;F;22.4;adult;94;80;;;;+;-;+;-;+;Apodemus sylvaticus;B;;;NA;B;No;broadleaved_forest;B
5,13;Septembre_2024;2024;Autumn;FRA - BePrep - 47;29/09/2024;47;01/10/2024;2;2;INRA;44.5068683;-0.6345349;1;capture;capture;NCHA100298;Mulot;;NCHA100298;01/10/2024;;M;27.8;adult;92;90;+;12;+;;;;;;Apodemus sylvaticus;B;;;NA;B;No;broadleaved_forest;B
5,13;Septembre_2024;2024;Autumn;FRA - BePrep - 52;29/09/2024;52;01/10/2024;2;10;INRA;44.4971304;-0.6407046;1;capture;capture;NCHA100299;Mulot;;NCHA100299;01/10/2024;1 tique;M;21.4;adult;91;88;-;6;-;;;;;;Apodemus sylvaticus;B;;;NA;B;No;broadleaved_forest;B
5,13;Septembre_2024;2024;Autumn;FRA - BePrep - 52;29/09/2024;52;02/10/2024;3;15;INRA;44.4973822;-0.640676;1;capture;capture;NCHA100308;mulot pris;;NCHA100308;02/10/2024;;F;22.4;adult;94;93;;;;+;+;+;-;+;Apodemus sylvaticus;B;;;NA;B;No;broadleaved_forest;B
5,13;Septembre_2024;2024;Autumn;FRA - BePrep - 52;29/09/2024;52;02/10/2024;3;16;INRA;44.4974035;-0.6407011;1;capture;capture;NCHA100309;mulot pris;;NCHA100309;02/10/2024;queue coupee;M;22.1;adult;89;;+;7;+;;;;;;Apodemus sylvaticus;B;;;NA;B;No;broadleaved_forest;B
5,13;Septembre_2024;2024;Autumn;FRA - BePrep - 50;29/09/2024;50;02/10/2024;3;3;INRA;44.5021386;-0.6383159;1;capture;capture;NCHA100311;mulot pris;;NCHA100311;02/10/2024;3 tiques;F;18.5;adult;87;95;;;;-;-;-;-;+;Apodemus sylvaticus;B;;;NA;B;No;broadleaved_forest;B
5,13;Septembre_2024;2024;Autumn;FRA - BePrep - 50;29/09/2024;50;02/10/2024;3;11;INRA;44.5025416;-0.638493;1;capture;capture;NCHA100312;mulot pris;;NCHA100312;02/10/2024;;M;20.4;adult;89;91;-;6;-;;;;;;Apodemus sylvaticus;B;;;NA;B;No;broadleaved_forest;B
5,13;Septembre_2024;2024;Autumn;FRA - BePrep - 52;29/09/2024;52;02/10/2024;3;8;INRA;44.4970131;-0.6407118;1;capture;capture;NCHA100313;mulot pris;;NCHA100313;02/10/2024;1 tique;F;25.7;adult;95;91;;;;+;+;+;-;+;Apodemus sylvaticus;B;;;NA;B;No;broadleaved_forest;B
5,13;Septembre_2024;2024;Autumn;FRA - BePrep - 29;02/10/2024;29;03/10/2024;1;20;INRA;44.5254635;-0.8858868;1;capture;capture;NCHA100314;mulot;;NCHA100314;03/10/2024;5 tiques;M;17.8;adult;86;88;+;6;-;;;;;;Apodemus sylvaticus;NC_HB;-1.52170492626577;0.971762612390185;NC;NC;Yes;hedgerows;HB
5,13;Septembre_2024;2024;Autumn;FRA - BePrep - 35;02/10/2024;35;03/10/2024;1;13;INRA;44.4831613;-0.8547216;1;capture;capture;NCHA100316;Mulot;;NCHA100316;03/10/2024;6 tiques;F;12.6;adult;75;75;;;;-;-;-;-;+;Apodemus sylvaticus;CT_LB;-1.60096230553821;-1.42152387635907;NA;CT;No;pine_edge;LB
5,13;Septembre_2024;2024;Autumn;FRA - BePrep - 26;02/10/2024;26;03/10/2024;1;3;INRA;44.5477198;-0.8929408;1;capture;capture;NCHA100318;Mulot pris;;NCHA100318;03/10/2024;;M;20.2;adult;91;90;+;12;+;;;;;;Apodemus sylvaticus;CT_HB;;;NA;CT;No;pine_edge;HB
5,13;Septembre_2024;2024;Autumn;FRA - BePrep - 35;02/10/2024;35;04/10/2024;2;11;INRA;44.4831225;-0.8546091;1;capture;capture;NCHA100319;Apodemus;;NCHA100319;04/10/2024;;F;16.8;adult;77;85;;;;-;-;-;-;+;Apodemus sylvaticus;CT_LB;-1.60096230553821;-1.42152387635907;NA;CT;No;pine_edge;LB
5,13;Septembre_2024;2024;Autumn;FRA - BePrep - 27;02/10/2024;27;04/10/2024;2;9;INRA;44.5446674;-0.9220523;1;capture;capture;NCHA100320;mulot;;NCHA100320;04/10/2024;1 puce;F;25.9;adult;91;81;;;;+;+;+;-;+;Apodemus sylvaticus;NC_HB;-0.151055290608365;0.189409667171665;NC;NC;Yes;hedgerows;HB
5,13;Septembre_2024;2024;Autumn;FRA - BePrep - 31;02/10/2024;31;04/10/2024;2;2;INRA;44.518285;-0.9368118;1;capture;capture;NCHA100322;mulot;;NCHA100322;04/10/2024;1 tique;F;22;adult;90;91;;;;+;+;+;-;+;Apodemus sylvaticus;NC_LB;0.0266631606797758;1.07860749722247;NC;NC;Yes;hedgerows;LB
5,13;Septembre_2024;2024;Autumn;FRA - BePrep - 30;02/10/2024;30;04/10/2024;2;5;INRA;44.5176065;-0.8867672;1;capture;capture;NCHA100324;mulot;;NCHA100324;04/10/2024;;F;25.7;adult;89;86;;;;+;+;+;-;+;Apodemus sylvaticus;C_HB;1.17562159363798;0.976198950448649;C;C;Yes;hedgerows;HB
5,13;Septembre_2024;2024;Autumn;FRA - BePrep - 28;02/10/2024;28;05/10/2024;3;12;INRA;44.5345389;-0.9070696;1;capture;capture;NCHA100328;mulot pris;;NCHA100328;05/10/2024;;F;14.4;adult;77;73;;;;+;-;-;-;+;Apodemus sylvaticus;C_LB;-0.890446028263637;0.686610940395925;C;C;Yes;hedgerows;LB
5,13;Septembre_2024;2024;Autumn;FRA - BePrep - 31;02/10/2024;31;05/10/2024;3;2;INRA;44.518285;-0.9368118;1;capture;capture;NCHA100329;mulot;;NCHA100329;05/10/2024;3 Tiques;F;26.8;adult;99;93;;;;+;+;+;-;+;Apodemus sylvaticus;NC_LB;0.0266631606797758;1.07860749722247;NC;NC;Yes;hedgerows;LB
5,13;Septembre_2024;2024;Autumn;FRA - BePrep - 27;02/10/2024;27;05/10/2024;3;9;INRA;44.5446674;-0.9220523;1;capture;capture;NCHA100330;mulot;;NCHA100330;05/10/2024;;M;24.2;adult;89;84;-;6;-;;;;;;Apodemus sylvaticus;NC_HB;-0.151055290608365;0.189409667171665;NC;NC;Yes;hedgerows;HB
5,13;Septembre_2024;2024;Autumn;FRA - BePrep - 27;02/10/2024;27;05/10/2024;3;19;INRA;44.5441227;-0.9221221;1;capture;capture;NCHA100331;mulot;;NCHA100331;05/10/2024;;M;23.7;adult;94;95;+;12;+;;;;;;Apodemus sylvaticus;NC_HB;-0.151055290608365;0.189409667171665;NC;NC;Yes;hedgerows;HB
5,12;Septembre_2024;2024;Autumn;FRA - BePrep - 3;23/09/2024;3;25/09/2024;2;12;INRA;44.5732857;-0.5850235;1;capture;capture;NCHA100174;mulot;;NCHA100174;25/09/2024;queue coupee;F;17.8;adult;92;;;;;-;-;;+;+;Apodemus sylvaticus;NC_HB;2.01422890424428;1.58947467505534;NC;NC;Yes;hedgerows;HB
5,12;Septembre_2024;2024;Autumn;FRA - BePrep - 3;23/09/2024;3;25/09/2024;2;14;INRA;44.5732216;-0.5849241;1;capture;capture;NCHA100175;mulot;;NCHA100175;25/09/2024;7 tiques, pas de crotte FA;F;24.2;adult;90;97;;;;-;-;;+;+;Apodemus sylvaticus;NC_HB;2.01422890424428;1.58947467505534;NC;NC;Yes;hedgerows;HB
5,12;Septembre_2024;2024;Autumn;FRA - BePrep - 7;23/09/2024;7;25/09/2024;2;19;INRA;44.6078803;-0.623058;1;capture;capture;NCHA100181;mulot;;NCHA100181;25/09/2024;5 tiques;F;27.8;adult;91;89;;;;-;-;;+;+;Apodemus sylvaticus;C_LB;2.62784420318873;0.110090629582909;C;C;Yes;hedgerows;LB
5,12;Septembre_2024;2024;Autumn;FRA - BePrep - 1;23/09/2024;1;25/09/2024;2;18;INRA;44.6163246;-0.5585635;1;capture;capture;NCHA100184;mulot;;NCHA100184;25/09/2024;;F;23.7;adult;97;93;;;;-;+;;+;+;Apodemus sylvaticus;NC_LB;-0.247147436579861;0.708253161846475;NC;NC;Yes;hedgerows;LB
5,12;Septembre_2024;2024;Autumn;FRA - BePrep - 2;23/09/2024;2;26/09/2024;3;11;INRA;44.6058935;-0.5672452;1;capture;capture;NCHA100199;mulot;;NCHA100199;26/09/2024;;F;20.4;adult;91;91;;;;+;-;+;+;+;Apodemus sylvaticus;C_HB;3.82400731901227;-0.224941305923223;C;C;Yes;hedgerows;HB
5,12;Septembre_2024;2024;Autumn;FRA - BePrep - 44;23/09/2024;44;26/09/2024;3;14;INRA;44.6177688;-0.5338368;1;capture;capture;NCHA100201;mulot;;NCHA100201;26/09/2024;1 tique;F;24.1;adult;95;98;;;;+;+;;+;+;Apodemus sylvaticus;B;;;NA;B;No;broadleaved_forest;B
5,12;Septembre_2024;2024;Autumn;FRA - BePrep - 38;23/09/2024;38;26/09/2024;3;4;INRA;44.6595927;-0.5727028;1;capture;capture;NCHA100203;mulot;;NCHA100203;26/09/2024;;F;24.2;adult;95;102;;;;+;-;;+;+;Apodemus sylvaticus;B;;;NA;B;No;broadleaved_forest;B
5,12;Septembre_2024;2024;Autumn;FRA - BePrep - 7;23/09/2024;7;26/09/2024;3;14;INRA;44.6075974;-0.6228871;1;capture;capture;NCHA100205;Mulot;;NCHA100205;26/09/2024;;F;22.8;adult;95;96;;;;+;-;+;+;+;Apodemus sylvaticus;C_LB;2.62784420318873;0.110090629582909;C;C;Yes;hedgerows;LB
5,12;Septembre_2024;2024;Autumn;FRA - BePrep - 17;26/09/2024;17;29/09/2024;3;3;INRA;44.5913391;-0.7637474;1;capture;capture;NCHA100255;mulot;;NCHA100255;29/09/2024;2 tiques;F;27;adult;95;91;;;;+;-;+;+;+;Apodemus sylvaticus;C_HB;2.11790046781326;-1.0311236375819;C;C;Yes;hedgerows;HB
5,12;Septembre_2024;2024;Autumn;FRA - BePrep - 6;26/09/2024;6;29/09/2024;3;17;INRA;44.5484453;-0.6339166;1;capture;capture;NCHA100261;Mulot;;NCHA100261;29/09/2024;1 puce;F;20.9;adult;97;92;;;;+;-;-;+;+;Apodemus sylvaticus;C_HB;1.62244961817534;3.06857891449308;C;C;Yes;hedgerows;HB
5,12;Septembre_2024;2024;Autumn;FRA - BePrep - 20;29/09/2024;20;30/09/2024;1;13;INRA;44.5858704;-0.9568163;1;capture;capture;NCHA100264;mulot;;NCHA100264;30/09/2024;;F;22.8;adult;89;92;;;;-;+;+;+;+;Apodemus sylvaticus;C_HB;2.00252999721784;3.49888563791474;C;C;Yes;hedgerows;HB
5,12;Septembre_2024;2024;Autumn;FRA - BePrep - 24;29/09/2024;24;01/10/2024;2;17;INRA;44.5973927;-0.9598982;1;capture;capture;NCHA100290;mulot;;NCHA100290;01/10/2024;;F;25;adult;90;82;;;;+;+;;+;+;Apodemus sylvaticus;C_HB;1.95009365923213;0.714716807085071;C;C;Yes;hedgerows;HB
5,12;Septembre_2024;2024;Autumn;FRA - BePrep - 53;29/09/2024;53;01/10/2024;2;3;INRA;44.5148886;-0.5837378;1;capture;capture;NCHA100296;Mulot;;NCHA100296;01/10/2024;3 tiques Queue coupee;F;24.5;adult;92;;;;;+;-;-;+;+;Apodemus sylvaticus;B;;;NA;B;No;broadleaved_forest;B
5,12;Septembre_2024;2024;Autumn;FRA - BePrep - 29;02/10/2024;29;04/10/2024;2;2;INRA;44.5248015;-0.8865854;1;capture;capture;NCHA100321;mulot;;NCHA100321;04/10/2024;3 tiques;F;25.9;adult;96;75;;;;-;+;;+;+;Apodemus sylvaticus;NC_HB;-1.52170492626577;0.971762612390185;NC;NC;Yes;hedgerows;HB
5,12;Septembre_2024;2024;Autumn;FRA - BePrep - 29;02/10/2024;29;04/10/2024;2;11;INRA;44.5250963;-0.8861995;1;capture;capture;NCHA100323;mulot;;NCHA100323;04/10/2024;7 tiques;F;30.4;adult;95;94;;;;-;+;;+;+;Apodemus sylvaticus;NC_HB;-1.52170492626577;0.971762612390185;NC;NC;Yes;hedgerows;HB
5,11;Septembre_2024;2024;Autumn;FRA - BePrep - 3;23/09/2024;3;25/09/2024;2;8;INRA;44.5733641;-0.5852477;1;capture;capture;NCHA100173;mulot;;NCHA100173;25/09/2024;5 tiques;M;16.4;subadult;85;80;-;4;-;;;;;;Apodemus sylvaticus;NC_HB;2.01422890424428;1.58947467505534;NC;NC;Yes;hedgerows;HB
5,11;Septembre_2024;2024;Autumn;FRA - BePrep - 1;23/09/2024;1;25/09/2024;2;2;INRA;44.6160206;-0.5591983;1;capture;capture;NCHA100183;mulot;;NCHA100183;25/09/2024;7 tiques;M;15.2;subadult;78;85;-;4;-;;;;;;Apodemus sylvaticus;NC_LB;-0.247147436579861;0.708253161846475;NC;NC;Yes;hedgerows;LB
5,11;Septembre_2024;2024;Autumn;FRA - BePrep - 13;26/09/2024;13;27/09/2024;1;5;INRA;44.5206242;-0.7375602;1;capture;capture;NCHA100211;mulot;;NCHA100211;27/09/2024;10 tiques;M;17.9;subadult;87;85;-;3;-;;;;;;Apodemus sylvaticus;NC_HB;0.853337899264084;1.02709481519685;NC;NC;Yes;hedgerows;HB
5,11;Septembre_2024;2024;Autumn;FRA - BePrep - 13;26/09/2024;13;27/09/2024;1;12;INRA;44.5208295;-0.7378447;1;capture;capture;NCHA100212;mulot;;NCHA100212;27/09/2024;1 tique;F;18.4;subadult;90;92;;;;-;-;-;-;-;Apodemus sylvaticus;NC_HB;0.853337899264084;1.02709481519685;NC;NC;Yes;hedgerows;HB
5,11;Septembre_2024;2024;Autumn;FRA - BePrep - 13;26/09/2024;13;27/09/2024;1;19;INRA;44.520968;-0.7382011;1;capture;capture;NCHA100214;mulot;;NCHA100214;27/09/2024;;F;16.9;subadult;86;93;;;;-;-;-;-;-;Apodemus sylvaticus;NC_HB;0.853337899264084;1.02709481519685;NC;NC;Yes;hedgerows;HB
5,11;Septembre_2024;2024;Autumn;FRA - BePrep - 16;26/09/2024;16;27/09/2024;1;2;INRA;44.5619667;-0.764066;1;capture;capture;NCHA100215;mulot;;NCHA100215;27/09/2024;1 tique;M;18.8;subadult;89;83;-;4;-;;;;;;Apodemus sylvaticus;NC_LB;-0.777086581140325;1.66569994334421;NC;NC;Yes;hedgerows;LB
5,11;Septembre_2024;2024;Autumn;FRA - BePrep - 15;26/09/2024;15;27/09/2024;1;6;INRA;44.5486215;-0.7404174;1;capture;capture;NCHA100217;mulot;;NCHA100217;27/09/2024;;F;14.9;subadult;80;84;;;;-;-;-;-;-;Apodemus sylvaticus;CT_LB;-2.85543943397807;-1.27491502801314;NA;CT;No;pine_edge;LB
5,11;Septembre_2024;2024;Autumn;FRA - BePrep - 6;26/09/2024;6;27/09/2024;1;16;INRA;44.5484275;-0.6339284;1;capture;capture;NCHA100223;Mulot;;NCHA100223;27/09/2024;4 tiques;M;19.9;subadult;94;96;-;6;-;;;;;;Apodemus sylvaticus;C_HB;1.62244961817534;3.06857891449308;C;C;Yes;hedgerows;HB
5,11;Septembre_2024;2024;Autumn;FRA - BePrep - 15;26/09/2024;15;28/09/2024;2;17;INRA;44.5487004;-0.7409547;1;capture;capture;NCHA100242;mulot;;NCHA100242;28/09/2024;1 tique;M;18.5;subadult;84;91;-;6;-;;;;;;Apodemus sylvaticus;CT_LB;-2.85543943397807;-1.27491502801314;NA;CT;No;pine_edge;LB
5,11;Septembre_2024;2024;Autumn;FRA - BePrep - 6;26/09/2024;6;28/09/2024;2;16;INRA;44.5484275;-0.6339284;1;capture;capture;NCHA100243;Mulot;;NCHA100243;28/09/2024;2 puces 1 tique;M;16.1;subadult;87;89;-;4;-;;;;;;Apodemus sylvaticus;C_HB;1.62244961817534;3.06857891449308;C;C;Yes;hedgerows;HB
5,11;Septembre_2024;2024;Autumn;FRA - BePrep - 13;26/09/2024;13;28/09/2024;2;19;INRA;44.520968;-0.7382011;1;capture;capture;NCHA100244;mulot;;NCHA100244;28/09/2024;3 tiques;M;16.2;subadult;81;74;-;4;-;;;;;;Apodemus sylvaticus;NC_HB;0.853337899264084;1.02709481519685;NC;NC;Yes;hedgerows;HB
5,11;Septembre_2024;2024;Autumn;FRA - BePrep - 15;26/09/2024;15;28/09/2024;2;14;INRA;44.5486955;-0.7408899;1;capture;capture;NCHA100250;mulot;;NCHA100250;28/09/2024;Pas de FA;M;15.7;subadult;87;86;-;3;-;;;;;;Apodemus sylvaticus;CT_LB;-2.85543943397807;-1.27491502801314;NA;CT;No;pine_edge;LB
5,11;Septembre_2024;2024;Autumn;FRA - BePrep - 16;26/09/2024;16;28/09/2024;2;13;INRA;44.5621395;-0.7648319;1;capture;capture;NCHA100251;mulot;;NCHA100251;28/09/2024;12 tiques;M;18.3;subadult;85;89;-;4;-;;;;;;Apodemus sylvaticus;NC_LB;-0.777086581140325;1.66569994334421;NC;NC;Yes;hedgerows;LB
5,11;Septembre_2024;2024;Autumn;FRA - BePrep - 6;26/09/2024;6;29/09/2024;3;4;INRA;44.5480003;-0.6335567;1;capture;capture;NCHA100259;Mulot;;NCHA100259;29/09/2024;;F;14.7;subadult;78;75;;;;-;-;-;-;-;Apodemus sylvaticus;C_HB;1.62244961817534;3.06857891449308;C;C;Yes;hedgerows;HB
5,11;Septembre_2024;2024;Autumn;FRA - BePrep - 22;29/09/2024;22;01/10/2024;2;9;INRA;44.5707403;-0.9497136;1;capture;capture;NCHA100291;mulot;;NCHA100291;01/10/2024;9 tiques;M;16;subadult;87;77;-;4;-;;;;;;Apodemus sylvaticus;CT_LB;-2.90607687801387;1.86687027342776;NA;CT;No;pine_edge;LB
5,11;Septembre_2024;2024;Autumn;FRA - BePrep - 21;29/09/2024;21;01/10/2024;2;15;INRA;44.5682252;-0.977893;1;capture;capture;NCHA100293;mulot;;NCHA100293;01/10/2024;;M;15.3;subadult;82;80;-;3;-;;;;;;Apodemus sylvaticus;NC_LB;-1.30672504872056;0.868921443947109;NC;NC;Yes;hedgerows;LB
5,11;Septembre_2024;2024;Autumn;FRA - BePrep - 20;29/09/2024;20;02/10/2024;3;7;INRA;44.5861875;-0.9568092;1;capture;capture;NCHA100304;mulot;;NCHA100304;02/10/2024;2 tiques;M;16.4;subadult;84;81;-;6;-;;;;;;Apodemus sylvaticus;C_HB;2.00252999721784;3.49888563791474;C;C;Yes;hedgerows;HB
5,11;Septembre_2024;2024;Autumn;FRA - BePrep - 24;29/09/2024;24;02/10/2024;3;5;INRA;44.5978918;-0.9597175;1;capture;capture;NCHA100317;mulot;;NCHA100317;03/10/2024;4 tiques mulot capturé le 2/10;F;14;subadult;79;78;;;;-;-;-;-;-;Apodemus sylvaticus;C_HB;1.95009365923213;0.714716807085071;C;C;Yes;hedgerows;HB
5,11;Septembre_2024;2024;Autumn;FRA - BePrep - 30;02/10/2024;30;04/10/2024;2;18;INRA;44.5184237;-0.8866728;1;capture;capture;NCHA100325;mulot;;NCHA100325;04/10/2024;;M;14.9;subadult;77;79;-;4;-;;;;;;Apodemus sylvaticus;C_HB;1.17562159363798;0.976198950448649;C;C;Yes;hedgerows;HB
5,11;Septembre_2024;2024;Autumn;FRA - BePrep - 32;02/10/2024;32;05/10/2024;3;15;INRA;44.5112131;-0.929707;1;capture;capture;NCHA100327;mulot;;NCHA100327;05/10/2024;;F;14.6;subadult;76;80;;;;-;-;-;-;-;Apodemus sylvaticus;CT_LB;-1.10226280286757;-1.04673593322884;NA;CT;No;pine_edge;LB
4,13;Juin_2024;2024;Spring;FRA - BePrep - 44;10/06/2024;44;11/06/2024;3;1;INRA;44.6178938;-0.5339085;1;capture;capture;NCHA100078;Apo s;;NCHA100078;11/06/2024;44.20 NEC=4 Attention, truc noir de la balance pas enlevé, poids recalculé;F;24.6;adult;89;90;;;;+;+;+;-;+;Apodemus sylvaticus;B;;;NA;B;No;broadleaved_forest;B
4,13;Juin_2024;2024;Spring;FRA - BePrep - 41;10/06/2024;41;11/06/2024;3;6;INRA;44.6604927;-0.5700995;1;capture;capture;NCHA100079;Apo s;Apodemus sylvaticus;NCHA100079;11/06/2024;41.06 NEC=3 Attention, truc noir de la balance pas enlevé, poids recalculé 3tiques 2 puces pas de sang;M;17.6;adult;96;91;+;9;+;;;;;;Apodemus sylvaticus;B;;;NA;B;No;broadleaved_forest;B
4,13;Juin_2024;2024;Spring;FRA - BePrep - 38;10/06/2024;38;12/06/2024;3;17;INRA;44.6592813;-0.5732209;1;capture;capture;NCHA100081;APO;;NCHA100081;12/06/2024;38.17 NEC=3 Queue coupée, pas de mesure 1 Tique, 14 puces;M;24.4;adult;100;;+;12;+;;;;;;Apodemus sylvaticus;B;;;NA;B;No;broadleaved_forest;B
4,13;Juin_2024;2024;Spring;FRA - BePrep - 5;10/06/2024;5;12/06/2024;2;16;INRA;44.5960263;-0.5994653;1;capture;capture;NCHA100082;mulot;;NCHA100082;12/06/2024;5.16 NEC=3 5 tiques, 2 puces;M;26.1;adult;99;87;-;14;+;;;;;;Apodemus sylvaticus;CT_LB;0.169084222469953;-3.26357348163429;NA;CT;No;pine_edge;LB
4,13;Juin_2024;2024;Spring;FRA - BePrep - 7;10/06/2024;7;13/06/2024;1;20;INRA;44.6079713;-0.6231401;1;capture;capture;NCHA100085;apo;;NCHA100085;13/06/2024;7.20 NEC=3 1 tique;F;19.2;adult;89;83;;;;+;+;+;-;+;Apodemus sylvaticus;C_LB;2.62784420318873;0.110090629582909;C;C;Yes;hedgerows;LB
4,13;Juin_2024;2024;Spring;FRA - BePrep - 44;10/06/2024;44;13/06/2024;1;20;INRA;44.6175001;-0.5331067;1;capture;capture;NCHA100087;Apodemus sylvaticus;;NCHA100087;13/06/2024;44.20 NEC=3 1 puce  grosseur testiculaire;M;25.3;adult;102;90;+;14;+;;;;;;Apodemus sylvaticus;B;;;NA;B;No;broadleaved_forest;B
4,13;Juin_2024;2024;Spring;FRA - BePrep - 15;13/06/2024;15;14/06/2024;3;12;INRA;44.548693;-0.7410269;1;capture;capture;NCHA100088;Apodemus sylvaticus;;NCHA100088;14/06/2024;15.12 NEC=4 3 tiques, 0 puce;M;21.7;adult;91;77;+;13;+;;;;;;Apodemus sylvaticus;CT_LB;-2.85543943397807;-1.27491502801314;NA;CT;No;pine_edge;LB
4,13;Juin_2024;2024;Spring;FRA - BePrep - 12;13/06/2024;12;14/06/2024;3;15;INRA;44.549815;-0.6847122;1;capture;capture;NCHA100090;apo;;NCHA100090;14/06/2024;12.15 NEC=3 2 tiques, 2 puces;F;14.6;adult;80;77;;;;-;+;+;-;+;Apodemus sylvaticus;C_LB;0.538367756708193;-2.23725658506983;C;C;Yes;hedgerows;LB
4,13;Juin_2024;2024;Spring;FRA - BePrep - 11;13/06/2024;11;14/06/2024;3;13;INRA;44.5646231;-0.6737169;1;capture;capture;NCHA100091;apo;;NCHA100091;14/06/2024;11.13 NEC=4 0 puce 0 tique;F;21.1;adult;93;90;;;;-;-;+;-;+;Apodemus sylvaticus;C_LB;-1.26271659357777;1.73735882419767;C;C;Yes;hedgerows;LB
4,13;Juin_2024;2024;Spring;FRA - BePrep - 18;13/06/2024;18;14/06/2024;3;11;INRA;44.578423;-0.7072542;1;capture;capture;NCHA100092;apo;;NCHA100092;14/06/2024;18.11 NEC=4 3 tiques, 1 puce Pas de feces FA;F;26.3;adult;101;96;;;;-;+;+;-;+;Apodemus sylvaticus;CT_HB;-0.262889181554185;-2.13018836134798;NA;CT;No;pine_edge;HB
4,13;Juin_2024;2024;Spring;FRA - BePrep - 18;13/06/2024;18;14/06/2024;3;15;INRA;44.5783896;-0.7069796;1;capture;capture;NCHA100093;apo;;NCHA100093;14/06/2024;18.15 NEC=4 1 tique, 0 puce;M;23.5;adult;93;92;+;13;+;;;;;;Apodemus sylvaticus;CT_HB;-0.262889181554185;-2.13018836134798;NA;CT;No;pine_edge;HB
4,13;Juin_2024;2024;Spring;FRA - BePrep - 18;13/06/2024;18;14/06/2024;3;17;INRA;44.5783838;-0.7068594;1;capture;capture;NCHA100094;apo;;NCHA100094;14/06/2024;18.17 NEC=4 1 tique, 2 puces;F;24.3;adult;91;84;;;;+;+;+;-;+;Apodemus sylvaticus;CT_HB;-0.262889181554185;-2.13018836134798;NA;CT;No;pine_edge;HB
4,13;Juin_2024;2024;Spring;FRA - BePrep - 12;13/06/2024;12;15/06/2024;2;9;INRA;44.550111;-0.6844434;1;capture;capture;NCHA100095;apo;;NCHA100095;15/06/2024;12.09 NEC=3 7 tiques, 0 puce;M;21.6;adult;92;93;-;12;+;;;;;;Apodemus sylvaticus;C_LB;0.538367756708193;-2.23725658506983;C;C;Yes;hedgerows;LB
4,13;Juin_2024;2024;Spring;FRA - BePrep - 15;13/06/2024;15;16/06/2024;1;16;INRA;44.5487708;-0.7412964;1;capture;capture;NCHA100102;mulot;;NCHA100102;16/06/2024;15.16 NEC=4 0 tique, 6 puces;M;24.9;adult;93;93;+;13;+;;;;;;Apodemus sylvaticus;CT_LB;-2.85543943397807;-1.27491502801314;NA;CT;No;pine_edge;LB
4,13;Juin_2024;2024;Spring;FRA - BePrep - 26;16/06/2024;26;18/06/2024;2;3;INRA;44.54769;-0.8929448;1;capture;capture;NCHA100106;apo;;NCHA100106;18/06/2024;26.03 NEC=4 1 tique, 1 puce;M;27.4;adult;99;86;+;15;+;;;;;;Apodemus sylvaticus;CT_HB;;;NA;CT;No;pine_edge;HB
4,13;Juin_2024;2024;Spring;FRA - BePrep - 29;16/06/2024;29;18/06/2024;2;18;INRA;44.5251632;-0.886079;1;capture;capture;NCHA100107;Mulot;;NCHA100107;18/06/2024;29.18 NEC=3 4 tiques, 0 puce  Pelage gris brun Verif souris ?;F;11.4;adult;75;64;;;;+;-;-;-;-;Apodemus sylvaticus;NC_HB;-1.52170492626577;0.971762612390185;NC;NC;Yes;hedgerows;HB
4,13;Juin_2024;2024;Spring;FRA - BePrep - 28;16/06/2024;28;18/06/2024;2;3;INRA;44.5350963;-0.9080705;1;capture;capture;NCHA100108;apo;;NCHA100108;18/06/2024;28.03 NEC=3 2 tiques, 1 puce;F;15.5;adult;82;79;;;;-;-;-;-;+;Apodemus sylvaticus;C_LB;-0.890446028263637;0.686610940395925;C;C;Yes;hedgerows;LB
4,13;Juin_2024;2024;Spring;FRA - BePrep - 28;16/06/2024;28;18/06/2024;2;13;INRA;44.5348357;-0.907531;1;capture;capture;NCHA100109;apo;;NCHA100109;18/06/2024;28.13 NEC=4 1 tique, 0 puce;F;13.8;adult;79;71;;;;-;+;-;-;+;Apodemus sylvaticus;C_LB;-0.890446028263637;0.686610940395925;C;C;Yes;hedgerows;LB
4,13;Juin_2024;2024;Spring;FRA - BePrep - 31;16/06/2024;31;18/06/2024;2;8;INRA;44.5178996;-0.9368596;1;capture;capture;NCHA100110;mulot;;NCHA100110;18/06/2024;31.08 NEC=4 0 tique, 0 puce;M;16.5;adult;85;85;-;7;-;;;;;;Apodemus sylvaticus;NC_LB;0.0266631606797758;1.07860749722247;NC;NC;Yes;hedgerows;LB
4,13;Juin_2024;2024;Spring;FRA - BePrep - 28;16/06/2024;28;19/06/2024;1;14;INRA;44.5348113;-0.9074603;1;capture;capture;NCHA100116;mulot;;NCHA100116;19/06/2024;28.14 NEC=3 4 tiques, 1 puce;M;26;adult;98;98;+;12;+;;;;;;Apodemus sylvaticus;C_LB;-0.890446028263637;0.686610940395925;C;C;Yes;hedgerows;LB
4,13;Juin_2024;2024;Spring;FRA - BePrep - 26;16/06/2024;26;19/06/2024;1;19;INRA;44.5470305;-0.8935401;1;capture;capture;NCHA100117;mulot;;NCHA100117;19/06/2024;26.19 NEC=2 beaucoup de tiques, 0 puce;F;15.2;adult;84;77;;;;-;-;-;-;+;Apodemus sylvaticus;CT_HB;;;NA;CT;No;pine_edge;HB
4,13;Juin_2024;2024;Spring;FRA - BePrep - 46;16/06/2024;46;19/06/2024;1;12;INRA;44.5398678;-0.863352;1;capture;capture;NCHA100119;Apodemus;;NCHA100119;19/06/2024;46.12 NEC=2 0 tique, 1 puce;F;14.1;adult;86;84;;;;-;-;-;-;+;Apodemus sylvaticus;B;;;NA;B;No;broadleaved_forest;B
4,13;Juin_2024;2024;Spring;FRA - BePrep - 46;16/06/2024;46;19/06/2024;1;13;INRA;44.5398489;-0.8633585;1;capture;capture;NCHA100120;Apodemus;;NCHA100120;19/06/2024;46.13 NEC=3 0 tique, 3 puces;F;22.1;adult;91;85;;;;-;-;+;-;+;Apodemus sylvaticus;B;;;NA;B;No;broadleaved_forest;B
4,13;Juin_2024;2024;Spring;FRA - BePrep - 24;19/06/2024;24;20/06/2024;3;17;INRA;44.5980453;-0.959728;1;capture;capture;NCHA100122;mulot;;NCHA100122;20/06/2024;24.17 NEC=3 10 tiques ?  0 puce  Poil grisatre Verifier identif specifique;F;17;adult;86;75;;;;-;+;-;+;+;Apodemus sylvaticus;C_HB;1.95009365923213;0.714716807085071;C;C;Yes;hedgerows;HB
4,13;Juin_2024;2024;Spring;FRA - BePrep - 24;19/06/2024;24;20/06/2024;3;14;INRA;44.5979166;-0.9597689;1;capture;capture;NCHA100123;mulot;;NCHA100123;20/06/2024;24.14 NEC=3 11 tiques? 3 puces;M;22.2;adult;95;86;+;12;+;;;;;;Apodemus sylvaticus;C_HB;1.95009365923213;0.714716807085071;C;C;Yes;hedgerows;HB
4,13;Juin_2024;2024;Spring;FRA - BePrep - 53;19/06/2024;53;20/06/2024;2;2;INRA;44.5148134;-0.5833501;1;capture;capture;NCHA100125;Apo;;NCHA100125;20/06/2024;53.02 NEC=4 0 tique, 0 puce;M;20.4;adult;97;84;+;14;+;;;;;;Apodemus sylvaticus;B;;;NA;B;No;broadleaved_forest;B
4,13;Juin_2024;2024;Spring;FRA - BePrep - 52;19/06/2024;52;20/06/2024;2;19;INRA;44.4972583;-0.6410223;1;capture;capture;NCHA100127;Apo;;NCHA100127;20/06/2024;52.19 NEC=3 0 tique, 0 puce;F;23;adult;100;93;;;;+;-;-;-;+;Apodemus sylvaticus;B;;;NA;B;No;broadleaved_forest;B
4,13;Juin_2024;2024;Spring;FRA - BePrep - 50;19/06/2024;50;20/06/2024;2;7;INRA;44.5022358;-0.6383519;1;capture;capture;NCHA100128;Apo;;NCHA100128;20/06/2024;33.07 NEC=2 9 tiques, 1 puce  Queue coupée;M;32.9;adult;108;;+;15;+;;;;;;Apodemus sylvaticus;B;;;NA;B;No;broadleaved_forest;B
4,13;Juin_2024;2024;Spring;FRA - BePrep - 47;19/06/2024;47;21/06/2024;3;5;INRA;44.5068713;-0.634605;1;capture;capture;NCHA100130;Mulot;;NCHA100130;21/06/2024;47.05 NEC=3 0 tique, 4 puces Taenia sur le foie;M;27.4;adult;100;97;+;15;+;;;;;;Apodemus sylvaticus;B;;;NA;B;No;broadleaved_forest;B
4,13;Juin_2024;2024;Spring;FRA - BePrep - 50;19/06/2024;50;21/06/2024;1;19;INRA;44.5024182;-0.6388548;1;capture;capture;NCHA100134;Apo;;NCHA100134;21/06/2024;50.19 NEC=3 0 tique, 0 puce;M;19.2;adult;84;91;+;13;+;;;;;;Apodemus sylvaticus;B;;;NA;B;No;broadleaved_forest;B
4,13;Juin_2024;2024;Spring;FRA - BePrep - 52;19/06/2024;52;21/06/2024;1;7;INRA;44.4971662;-0.6408191;1;capture;capture;NCHA100137;Apo;;NCHA100137;21/06/2024;52.07 NEC=3 0 tique, 1 puce;M;23.2;adult;99;84;+;12;+;;;;;;Apodemus sylvaticus;B;;;NA;B;No;broadleaved_forest;B
4,13;Juin_2024;2024;Spring;FRA - BePrep - 51;19/06/2024;51;21/06/2024;1;11;INRA;44.4978662;-0.639827;1;capture;capture;NCHA100139;Apo;;NCHA100139;21/06/2024;51.11 NEC=3 0 tique, 0 puce;M;27.3;adult;96;88;+;11;+;;;;;;Apodemus sylvaticus;B;;;NA;B;No;broadleaved_forest;B
4,13;Juin_2024;2024;Spring;FRA - BePrep - 21;19/06/2024;21;22/06/2024;1;20;INRA;44.5681733;-0.9779919;1;capture;capture;NCHA100140;apodemus;;NCHA100140;22/06/2024;21.20 NEC=3 7 tiques, 0 puce;M;29.2;adult;100;98;+;13;+;;;;;;Apodemus sylvaticus;NC_LB;-1.30672504872056;0.868921443947109;NC;NC;Yes;hedgerows;LB
4,13;Juin_2024;2024;Spring;FRA - BePrep - 19;19/06/2024;19;22/06/2024;3;9;INRA;44.5878057;-0.9711022;1;capture;capture;NCHA100141;apodemus;;NCHA100141;22/06/2024;19.09 NEC=3 0 tique, 3 puces;M;27.7;adult;94;90;+;14;+;;;;;;Apodemus sylvaticus;NC_LB;0.23132417692985;1.3456269148708;NC;NC;Yes;hedgerows;LB
4,13;Juin_2024;2024;Spring;FRA - BePrep - 24;19/06/2024;24;22/06/2024;1;5;INRA;44.5974808;-0.9599327;1;capture;capture;NCHA100142;apodemus;;NCHA100142;22/06/2024;24.05 NEC=3 19 tiques, 0 puce;F;17;adult;83;80;;;;+;-;-;-;+;Apodemus sylvaticus;C_HB;1.95009365923213;0.714716807085071;C;C;Yes;hedgerows;HB
4,13;Juin_2024;2024;Spring;FRA - BePrep - 24;19/06/2024;24;22/06/2024;1;19;INRA;44.5980215;-0.9596113;1;capture;capture;NCHA100143;apodemus;;NCHA100143;22/06/2024;24.19 NEC=4 1 tique, 2 puces;F;27.1;adult;99;88;;;;-;-;+;-;+;Apodemus sylvaticus;C_HB;1.95009365923213;0.714716807085071;C;C;Yes;hedgerows;HB
4,13;Juin_2024;2024;Spring;FRA - BePrep - 53;19/06/2024;53;22/06/2024;1;14;INRA;44.5143291;-0.5830641;1;capture;capture;NCHA100147;Apodemus;;NCHA100147;22/06/2024;53.15 NEC=4 0 puce, 0 tique;M;26.5;adult;96;87;+;15;+;;;;;;Apodemus sylvaticus;B;;;NA;B;No;broadleaved_forest;B
4,13;Juin_2024;2024;Spring;FRA - BePrep - 47;19/06/2024;47;22/06/2024;1;9;INRA;44.5071104;-0.6344832;1;capture;capture;NCHA100148;Mulot;;NCHA100148;22/06/2024;47.09 NEC=4 1 tique, 0 puce  pelage grisatre;F;14.3;adult;78;71;;;;-;-;-;-;+;Apodemus sylvaticus;B;;;NA;B;No;broadleaved_forest;B
4,12;Juin_2024;2024;Spring;FRA - BePrep - 44;10/06/2024;44;13/06/2024;1;11;INRA;44.6178082;-0.5334736;1;capture;capture;NCHA100086;Apodemus sylvaticus;;NCHA100086;13/06/2024;44.11 NEC=4 2 tiques, 2 puces;F;23.4;adult;91;96;;;;-;+;;+;+;Apodemus sylvaticus;B;;;NA;B;No;broadleaved_forest;B
4,12;Juin_2024;2024;Spring;FRA - BePrep - 36;13/06/2024;36;16/06/2024;1;7;INRA;44.6444886;-0.629615;1;capture;capture;NCHA100099;Apo;;NCHA100099;16/06/2024;36.07 NEC=5 6 tiques 0 puce;F;27.2;adult;94;84;;;;-;+;+;+;+;Apodemus sylvaticus;C_LB;1.49872521905525;-1.64870975988528;C;C;Yes;hedgerows;LB
4,12;Juin_2024;2024;Spring;FRA - BePrep - 28;16/06/2024;28;19/06/2024;1;7;INRA;44.5350069;-0.9078487;1;capture;capture;NCHA100113;mulot;;NCHA100113;19/06/2024;28.07 NEC=3 4 tiques, 0 puce;F;18.2;adult;86;92;;;;+;+;+;+;+;Apodemus sylvaticus;C_LB;-0.890446028263637;0.686610940395925;C;C;Yes;hedgerows;LB
4,12;Juin_2024;2024;Spring;FRA - BePrep - 33;16/06/2024;33;19/06/2024;1;16;INRA;44.4871044;-0.8998612;1;capture;capture;NCHA100118;Apo;;NCHA100118;19/06/2024;33.16 NEC=2 3 tiques, 0 puce;F;24;adult;90;82;;;;+;+;+;+;+;Apodemus sylvaticus;C_LB;1.32747440211401;-2.21374838569615;C;C;Yes;hedgerows;LB
4,12;Juin_2024;2024;Spring;FRA - BePrep - 51;19/06/2024;51;20/06/2024;2;12;INRA;44.4978837;-0.6398427;1;capture;capture;NCHA100124;Apo;;NCHA100124;20/06/2024;51.12 NEC=2 0 tique, 0 puce;F;22.2;adult;96;90;;;;-;-;-;+;+;Apodemus sylvaticus;B;;;NA;B;No;broadleaved_forest;B
4,12;Juin_2024;2024;Spring;FRA - BePrep - 48;19/06/2024;48;21/06/2024;3;20;INRA;44.5077549;-0.6396845;1;capture;capture;NCHA100133;Mulot;;NCHA100133;21/06/2024;48.20 NEC=3 1 tique, 0 puce;F;18.6;adult;84;80;;;;-;+;-;+;+;Apodemus sylvaticus;B;;;NA;B;No;broadleaved_forest;B
4,12;Juin_2024;2024;Spring;FRA - BePrep - 53;19/06/2024;53;22/06/2024;1;13;INRA;;;1;capture;capture;NCHA100144;Apodemus;;NCHA100144;22/06/2024;53.13 NEC=4 5 tiques, 0 puce;F;22.6;adult;94;93;;;;+;+;+;+;+;Apodemus sylvaticus;B;;;NA;B;No;broadleaved_forest;B
4,12;Juin_2024;2024;Spring;FRA - BePrep - 47;19/06/2024;47;22/06/2024;1;20;INRA;44.5075121;-0.634678;1;capture;capture;NCHA100150;Mulot oublié dans le piége;;NCHA100150;26/06/2024;47.20 (trouvé 47.17) 0 puces, 0 tiques NEC = 3 Pas de carte FTA (_BL-2) Individu oublié lors des dissections de terrain qui s'est échappé lors du nettoyage des pièges depuis le piège 47.17 vers les égouts où il a été recapturé avec un piège INRA sur la nuit. Individu associé au piège 47.20 car celui-ci avait une capture de mulot, mais pas de dissection associé (saut entre pièges?);F;24;adult;95;91;;;;-;+;-;+;+;Apodemus sylvaticus;B;;;NA;B;No;broadleaved_forest;B
4,1;Juin_2024;2024;Spring;FRA - BePrep - 21;19/06/2024;21;21/06/2024;2;11;INRA;44.5676085;-0.9779656;1;capture;capture;NCHA100129;apodemus;;NCHA100129;21/06/2024;21.11 NEC=3 3 tiques, 1 puce Pas de sang;M;17.6;adult;91;76;+;10;+;;;;;;Apodemus sylvaticus;NC_LB;-1.30672504872056;0.868921443947109;NC;NC;Yes;hedgerows;LB
3,16;Septembre_2024;2024;Autumn;FRA - BePrep - 7;23/09/2024;7;24/09/2024;1;2;INRA;44.6071242;-0.6224198;1;capture;capture;NCHA100158;Mulot;;NCHA100158;24/09/2024;2 tiques;M;22.5;adult;93;95;+;15;+;;;;;;Apodemus sylvaticus;C_LB;2.62784420318873;0.110090629582909;C;C;Yes;hedgerows;LB
3,16;Septembre_2024;2024;Autumn;FRA - BePrep - 7;23/09/2024;7;24/09/2024;1;7;INRA;44.607338;-0.6225591;1;capture;capture;NCHA100161;Mulots;;NCHA100161;24/09/2024;4 tiques;M;23;adult;94;86;+;14;+;;;;;;Apodemus sylvaticus;C_LB;2.62784420318873;0.110090629582909;C;C;Yes;hedgerows;LB
3,16;Septembre_2024;2024;Autumn;FRA - BePrep - 7;23/09/2024;7;24/09/2024;1;13;INRA;44.6075724;-0.6228599;1;capture;capture;NCHA100164;Mulot;;NCHA100164;24/09/2024;queue coupee;M;16.2;adult;86;;+;13;+;;;;;;Apodemus sylvaticus;C_LB;2.62784420318873;0.110090629582909;C;C;Yes;hedgerows;LB
3,16;Septembre_2024;2024;Autumn;FRA - BePrep - 7;23/09/2024;7;25/09/2024;2;1;INRA;44.6070936;-0.6223847;1;capture;capture;NCHA100179;mulot;;NCHA100179;25/09/2024;pelage gris;F;18.2;adult;86;83;;;;+;-;-;-;+;Apodemus sylvaticus;C_LB;2.62784420318873;0.110090629582909;C;C;Yes;hedgerows;LB
3,16;Septembre_2024;2024;Autumn;FRA - BePrep - 36;26/09/2024;36;28/09/2024;2;17;INRA;44.6450047;-0.6292764;1;capture;capture;NCHA100232;Mulot;;NCHA100232;28/09/2024;;F;15.7;adult;83;79;;;;+;-;-;-;-;Apodemus sylvaticus;C_LB;1.49872521905525;-1.64870975988528;C;C;Yes;hedgerows;LB
3,15;Septembre_2024;2024;Autumn;FRA - BePrep - 4;23/09/2024;4;24/09/2024;1;5;INRA;44.5755588;-0.6019136;1;capture;capture;NCHA100152;Mulot;;NCHA100152;24/09/2024;;F;22.4;adult;90;93;;;;-;-;;+;+;Apodemus sylvaticus;NC_HB;-0.0139154501746544;1.61562865798644;NC;NC;Yes;hedgerows;HB
3,15;Septembre_2024;2024;Autumn;FRA - BePrep - 4;23/09/2024;4;24/09/2024;1;12;INRA;44.57595;-0.6017227;1;capture;capture;NCHA100154;Mulot;;NCHA100154;24/09/2024;1 tique;M;19.6;subadult;90;94;-;3;-;;;;;;Apodemus sylvaticus;NC_HB;-0.0139154501746544;1.61562865798644;NC;NC;Yes;hedgerows;HB
3,15;Septembre_2024;2024;Autumn;FRA - BePrep - 7;23/09/2024;7;24/09/2024;1;3;INRA;44.6071581;-0.6224531;1;capture;capture;NCHA100159;Mulot;;NCHA100159;24/09/2024;2 tiques;M;15.9;subadult;85;79;-;5;-;;;;;;Apodemus sylvaticus;C_LB;2.62784420318873;0.110090629582909;C;C;Yes;hedgerows;LB
3,15;Septembre_2024;2024;Autumn;FRA - BePrep - 7;23/09/2024;7;24/09/2024;1;5;INRA;44.6072249;-0.6224743;1;capture;capture;NCHA100160;Mulot;;NCHA100160;24/09/2024;1 tique;M;13.6;subadult;85;88;-;4;-;;;;;;Apodemus sylvaticus;C_LB;2.62784420318873;0.110090629582909;C;C;Yes;hedgerows;LB
3,15;Septembre_2024;2024;Autumn;FRA - BePrep - 9;23/09/2024;9;24/09/2024;1;5;INRA;44.5750622;-0.5600809;1;capture;capture;NCHA100169;Mulot;;NCHA100169;24/09/2024;10 puces, kyste sur foie;F;24.8;adult;99;99;;;;+;-;+;+;+;Apodemus sylvaticus;NC_LB;0.347884947065335;1.0840139962278;NC;NC;Yes;hedgerows;LB
3,15;Septembre_2024;2024;Autumn;FRA - BePrep - 9;23/09/2024;9;24/09/2024;1;13;INRA;44.5748528;-0.5607518;1;capture;capture;NCHA100171;Mulot;;NCHA100171;24/09/2024;2 tiques;F;17.3;adult;94;94;;;;+;-;+;+;+;Apodemus sylvaticus;NC_LB;0.347884947065335;1.0840139962278;NC;NC;Yes;hedgerows;LB
3,15;Septembre_2024;2024;Autumn;FRA - BePrep - 9;23/09/2024;9;24/09/2024;1;9;INRA;44.5749445;-0.5604756;1;capture;capture;NCHA100172;Mulot;;NCHA100172;24/09/2024;1 tique, 3 puces;M;13.9;subadult;86;76;-;5;-;;;;;;Apodemus sylvaticus;NC_LB;0.347884947065335;1.0840139962278;NC;NC;Yes;hedgerows;LB
3,15;Septembre_2024;2024;Autumn;FRA - BePrep - 38;23/09/2024;38;25/09/2024;2;14;INRA;44.6592033;-0.5729629;1;capture;capture;NCHA100186;mulôt;;NCHA100186;25/09/2024;3 tiques;F;19.9;subadult;92;88;;;;-;-;-;-;-;Apodemus sylvaticus;B;;;NA;B;No;broadleaved_forest;B
3,15;Septembre_2024;2024;Autumn;FRA - BePrep - 4;23/09/2024;4;26/09/2024;3;5;INRA;44.5755588;-0.6019136;1;capture;capture;NCHA100202;Mulot;;NCHA100202;26/09/2024;2 tiques;F;15.2;subadult;84;84;;;;-;-;-;-;-;Apodemus sylvaticus;NC_HB;-0.0139154501746544;1.61562865798644;NC;NC;Yes;hedgerows;HB
3,15;Septembre_2024;2024;Autumn;FRA - BePrep - 12;26/09/2024;12;27/09/2024;1;12;INRA;44.5505241;-0.6842066;1;capture;capture;NCHA100208;mulot;;NCHA100208;27/09/2024;1 puce 2 tiques ps de fourrure;F;19.6;subadult;92;84;;;;-;-;-;-;-;Apodemus sylvaticus;C_LB;0.538367756708193;-2.23725658506983;C;C;Yes;hedgerows;LB
3,15;Septembre_2024;2024;Autumn;FRA - BePrep - 36;26/09/2024;36;27/09/2024;1;20;INRA;44.6450155;-0.6291443;1;capture;capture;NCHA100222;Mulot;;NCHA100222;27/09/2024;;M;16.5;subadult;84;82;-;5;-;;;;;;Apodemus sylvaticus;C_LB;1.49872521905525;-1.64870975988528;C;C;Yes;hedgerows;LB
3,15;Septembre_2024;2024;Autumn;FRA - BePrep - 36;26/09/2024;36;28/09/2024;2;19;INRA;44.6449873;-0.6291475;1;capture;capture;NCHA100229;Mulot;;NCHA100229;28/09/2024;2 tiques pelage gris;M;14.6;subadult;79;71;-;4;-;;;;;;Apodemus sylvaticus;C_LB;1.49872521905525;-1.64870975988528;C;C;Yes;hedgerows;LB
3,15;Septembre_2024;2024;Autumn;FRA - BePrep - 13;26/09/2024;13;28/09/2024;2;5;INRA;44.5206242;-0.7375602;1;capture;capture;NCHA100237;mulot;;NCHA100237;28/09/2024;;M;15.6;subadult;82;82;-;3;-;;;;;;Apodemus sylvaticus;NC_HB;0.853337899264084;1.02709481519685;NC;NC;Yes;hedgerows;HB
3,15;Septembre_2024;2024;Autumn;FRA - BePrep - 13;26/09/2024;13;28/09/2024;2;7;INRA;44.520656;-0.7376005;1;capture;capture;NCHA100239;mulot;;NCHA100239;28/09/2024;18 tiques pelage gris;F;13.2;subadult;65;79;;;;-;-;-;-;-;Apodemus sylvaticus;NC_HB;0.853337899264084;1.02709481519685;NC;NC;Yes;hedgerows;HB
3,15;Septembre_2024;2024;Autumn;FRA - BePrep - 13;26/09/2024;13;28/09/2024;2;16;INRA;44.5209382;-0.7380928;1;capture;capture;NCHA100246;mulot;;NCHA100246;28/09/2024;1 puce 3 tiques;F;16.2;subadult;81;83;;;;-;-;-;-;-;Apodemus sylvaticus;NC_HB;0.853337899264084;1.02709481519685;NC;NC;Yes;hedgerows;HB
3,15;Septembre_2024;2024;Autumn;FRA - BePrep - 16;26/09/2024;16;28/09/2024;2;15;INRA;44.5621632;-0.7648777;1;capture;capture;NCHA100254;mulot;;NCHA100254;28/09/2024;7 tiques;M;16.9;subadult;89;86;-;3;-;;;;;;Apodemus sylvaticus;NC_LB;-0.777086581140325;1.66569994334421;NC;NC;Yes;hedgerows;LB
3,15;Septembre_2024;2024;Autumn;FRA - BePrep - 47;29/09/2024;47;30/09/2024;1;6;INRA;44.507064;-0.6345623;1;capture;capture;NCHA100263;Mulot;;NCHA100263;30/09/2024;;M;16.3;subadult;84;85;-;6;-;;;;;;Apodemus sylvaticus;B;;;NA;B;No;broadleaved_forest;B
3,15;Septembre_2024;2024;Autumn;FRA - BePrep - 48;29/09/2024;48;30/09/2024;1;8;INRA;44.5074715;-0.6408302;1;capture;capture;NCHA100267;Mulot;;NCHA100267;30/09/2024;;M;17.3;subadult;88;87;-;6;-;;;;;;Apodemus sylvaticus;B;;;NA;B;No;broadleaved_forest;B
3,15;Septembre_2024;2024;Autumn;FRA - BePrep - 50;29/09/2024;50;30/09/2024;1;8;INRA;44.5023144;-0.6383689;1;capture;capture;NCHA100269;Mulot;;NCHA100269;30/09/2024;;F;15.4;subadult;84;79;;;;-;-;-;-;-;Apodemus sylvaticus;B;;;NA;B;No;broadleaved_forest;B
3,15;Septembre_2024;2024;Autumn;FRA - BePrep - 48;29/09/2024;48;30/09/2024;1;5;INRA;44.5075898;-0.6406229;1;capture;capture;NCHA100270;Mulot;;NCHA100270;30/09/2024;;M;16.2;subadult;89;88;-;4;-;;;;;;Apodemus sylvaticus;B;;;NA;B;No;broadleaved_forest;B
3,15;Septembre_2024;2024;Autumn;FRA - BePrep - 47;29/09/2024;47;30/09/2024;1;13;INRA;44.5073852;-0.6347233;1;capture;capture;NCHA100272;Mulot;;NCHA100272;30/09/2024;2 tiques;M;14.6;subadult;71;76;-;3;-;;;;;;Apodemus sylvaticus;B;;;NA;B;No;broadleaved_forest;B
3,15;Septembre_2024;2024;Autumn;FRA - BePrep - 48;29/09/2024;48;30/09/2024;1;2;INRA;44.5076967;-0.6404402;1;capture;capture;NCHA100273;Mulot;;NCHA100273;30/09/2024;;M;15.1;subadult;83;94;-;5;-;;;;;;Apodemus sylvaticus;B;;;NA;B;No;broadleaved_forest;B
3,15;Septembre_2024;2024;Autumn;FRA - BePrep - 19;29/09/2024;19;30/09/2024;1;2;INRA;44.5878804;-0.9709831;1;capture;capture;NCHA100274;mulot;;NCHA100274;30/09/2024;;F;21.4;adult;84;88;;;;-;+;+;+;+;Apodemus sylvaticus;NC_LB;0.23132417692985;1.3456269148708;NC;NC;Yes;hedgerows;LB
3,15;Septembre_2024;2024;Autumn;FRA - BePrep - 48;29/09/2024;48;30/09/2024;1;1;INRA;44.5078102;-0.6403703;1;capture;capture;NCHA100276;Mulot;;NCHA100276;30/09/2024;1 tique;M;19;subadult;90;91;-;5;-;;;;;;Apodemus sylvaticus;B;;;NA;B;No;broadleaved_forest;B
3,15;Septembre_2024;2024;Autumn;FRA - BePrep - 47;29/09/2024;47;30/09/2024;1;2;INRA;44.5068683;-0.6345349;1;capture;capture;NCHA100277;Mulot;;NCHA100277;30/09/2024;;M;17.1;subadult;82;81;-;4;-;;;;;;Apodemus sylvaticus;B;;;NA;B;No;broadleaved_forest;B
3,15;Septembre_2024;2024;Autumn;FRA - BePrep - 47;29/09/2024;47;30/09/2024;1;15;INRA;44.5074625;-0.6347201;1;capture;capture;NCHA100278;Mulot;;NCHA100278;30/09/2024;;F;15.6;subadult;84;89;;;;-;-;-;-;-;Apodemus sylvaticus;B;;;NA;B;No;broadleaved_forest;B
3,15;Septembre_2024;2024;Autumn;FRA - BePrep - 52;29/09/2024;52;30/09/2024;1;10;INRA;44.4971304;-0.6407046;1;capture;capture;NCHA100279;Mulot;;NCHA100279;30/09/2024;1 tique;F;14.6;subadult;84;79;;;;-;-;-;-;-;Apodemus sylvaticus;B;;;NA;B;No;broadleaved_forest;B
3,15;Septembre_2024;2024;Autumn;FRA - BePrep - 48;29/09/2024;48;30/09/2024;1;10;INRA;44.5073789;-0.6409587;1;capture;capture;NCHA100281;Mulot;;NCHA100281;30/09/2024;;M;17.4;subadult;83;86;-;4;-;;;;;;Apodemus sylvaticus;B;;;NA;B;No;broadleaved_forest;B
3,15;Septembre_2024;2024;Autumn;FRA - BePrep - 51;29/09/2024;51;30/09/2024;1;2;INRA;44.4972404;-0.6398081;1;capture;capture;NCHA100283;Mulot;;NCHA100283;30/09/2024;1 tique;M;15;subadult;78;80;-;4;-;;;;;;Apodemus sylvaticus;B;;;NA;B;No;broadleaved_forest;B
3,15;Septembre_2024;2024;Autumn;FRA - BePrep - 51;29/09/2024;51;30/09/2024;1;7;INRA;44.4975;-0.6398572;1;capture;capture;NCHA100287;Mulot;;NCHA100287;30/09/2024;;M;15.4;subadult;81;85;-;4;-;;;;;;Apodemus sylvaticus;B;;;NA;B;No;broadleaved_forest;B
3,15;Septembre_2024;2024;Autumn;FRA - BePrep - 21;29/09/2024;21;01/10/2024;2;12;INRA;44.5679745;-0.9779297;1;capture;capture;NCHA100295;mulot;;NCHA100295;01/10/2024;1 tique;F;15.7;subadult;83;80;;;;-;-;-;-;-;Apodemus sylvaticus;NC_LB;-1.30672504872056;0.868921443947109;NC;NC;Yes;hedgerows;LB
3,15;Septembre_2024;2024;Autumn;FRA - BePrep - 51;29/09/2024;51;01/10/2024;2;3;INRA;44.4972868;-0.639794;1;capture;capture;NCHA100297;Mulot;;NCHA100297;01/10/2024;1 tique;M;19.2;subadult;90;79;-;5;-;;;;;;Apodemus sylvaticus;B;;;NA;B;No;broadleaved_forest;B
3,15;Septembre_2024;2024;Autumn;FRA - BePrep - 50;29/09/2024;50;01/10/2024;2;1;INRA;44.5020278;-0.6382706;1;capture;capture;NCHA100300;Mulot;;NCHA100300;01/10/2024;2 tiques Pas de FA;F;15.1;subadult;78;72;;;;-;-;-;-;-;Apodemus sylvaticus;B;;;NA;B;No;broadleaved_forest;B
3,15;Septembre_2024;2024;Autumn;FRA - BePrep - 50;29/09/2024;50;01/10/2024;2;3;INRA;44.5021386;-0.6383159;1;capture;capture;NCHA100301;Mulot;;NCHA100301;01/10/2024;1 tique Queue coupee;M;19.9;subadult;90;;-;6;-;;;;;;Apodemus sylvaticus;B;;;NA;B;No;broadleaved_forest;B
3,15;Septembre_2024;2024;Autumn;FRA - BePrep - 50;29/09/2024;50;01/10/2024;2;11;INRA;44.5025416;-0.638493;1;capture;capture;NCHA100302;Mulot;;NCHA100302;01/10/2024;;F;16.9;subadult;84;80;;;;-;-;-;-;-;Apodemus sylvaticus;B;;;NA;B;No;broadleaved_forest;B
3,15;Septembre_2024;2024;Autumn;FRA - BePrep - 19;29/09/2024;19;02/10/2024;3;7;INRA;44.5877009;-0.9711955;1;capture;capture;NCHA100303;mulot;;NCHA100303;02/10/2024;1 tique;F;27;adult;90;90;;;;-;-;;+;+;Apodemus sylvaticus;NC_LB;0.23132417692985;1.3456269148708;NC;NC;Yes;hedgerows;LB
3,15;Septembre_2024;2024;Autumn;FRA - BePrep - 50;29/09/2024;50;02/10/2024;3;15;INRA;44.502683;-0.638278;1;capture;capture;NCHA100306;mulot pris;;NCHA100306;02/10/2024;;M;14.2;subadult;77;71;-;4;-;;;;;;Apodemus sylvaticus;B;;;NA;B;No;broadleaved_forest;B
3,15;Septembre_2024;2024;Autumn;FRA - BePrep - 52;29/09/2024;52;02/10/2024;3;17;INRA;44.4974616;-0.6406936;1;capture;capture;NCHA100307;mulot pris;;NCHA100307;02/10/2024;1 puce;M;19.2;subadult;88;82;-;6;-;;;;;;Apodemus sylvaticus;B;;;NA;B;No;broadleaved_forest;B
3,15;Septembre_2024;2024;Autumn;FRA - BePrep - 50;29/09/2024;50;02/10/2024;3;1;INRA;44.5020278;-0.6382706;1;capture;capture;NCHA100310;mulot pris;;NCHA100310;02/10/2024;;F;13.1;subadult;72;72;;;;-;-;-;-;-;Apodemus sylvaticus;B;;;NA;B;No;broadleaved_forest;B
3,15;Septembre_2024;2024;Autumn;FRA - BePrep - 28;02/10/2024;28;03/10/2024;1;1;INRA;44.5349887;-0.9077496;1;capture;capture;NCHA100315;mulot;;NCHA100315;03/10/2024;2 tiques;M;15.4;subadult;76;79;-;3;-;;;;;;Apodemus sylvaticus;C_LB;-0.890446028263637;0.686610940395925;C;C;Yes;hedgerows;LB
3,15;Septembre_2024;2024;Autumn;FRA - BePrep - 29;02/10/2024;29;05/10/2024;3;5;INRA;44.5248323;-0.8864054;1;capture;capture;NCHA100326;mulot;;NCHA100326;05/10/2024;;M;14.6;subadult;76;81;-;6;-;;;;;;Apodemus sylvaticus;NC_HB;-1.52170492626577;0.971762612390185;NC;NC;Yes;hedgerows;HB
3,13;Juin_2024;2024;Spring;FRA - BePrep - 37;13/06/2024;37;15/06/2024;2;2;INRA;44.6860236;-0.6010231;1;capture;capture;NCHA100096;Apodemus sylvaticus;;NCHA100096;16/06/2024;37.02 NEC=4 0 tique, 0 puce;M;25.9;adult;94;85;-;12;+;;;;;;Apodemus sylvaticus;B;;;NA;B;No;broadleaved_forest;B
3,13;Juin_2024;2024;Spring;FRA - BePrep - 52;19/06/2024;52;20/06/2024;2;18;INRA;44.4972954;-0.6410114;1;capture;capture;NCHA100126;Apo;;NCHA100126;20/06/2024;52.18 NEC=3 1 tique, 0 puce Pas de feces;M;19.2;adult;90;89;+;10;-;;;;;;Apodemus sylvaticus;B;;;NA;B;No;broadleaved_forest;B
3,13;Juin_2024;2024;Spring;FRA - BePrep - 52;19/06/2024;52;21/06/2024;1;11;INRA;44.4975361;-0.6407635;1;capture;capture;NCHA100136;Apo;;NCHA100136;21/06/2024;52.11 NEC=4 0 tique, 0 puce;M;23.7;adult;97;96;+;13;+;;;;;;Apodemus sylvaticus;B;;;NA;B;No;broadleaved_forest;B
3,12;Juin_2024;2024;Spring;FRA - BePrep - 51;19/06/2024;51;21/06/2024;1;16;INRA;44.4980022;-0.6401466;1;capture;capture;NCHA100135;Rongeur;;NCHA100135;21/06/2024;52?16 NEC=2 3 tiques, 0 puce  Queue coupée;F;26.4;adult;108;;;;;-;+;-;+;+;Apodemus sylvaticus;B;;;NA;B;No;broadleaved_forest;B
2,13;Juin_2024;2024;Spring;FRA - BePrep - 42;13/06/2024;42;16/06/2024;1;3;INRA;44.6509899;-0.6140156;1;capture;capture;NCHA100098;Apo;;NCHA100098;16/06/2024;42.03 NEC=4 5 tiques 0 puce Pas de sang;M;30;adult;109;97;+;14;+;;;;;;Apodemus sylvaticus;B;;;NA;B;No;broadleaved_forest;B
2,13;Juin_2024;2024;Spring;FRA - BePrep - 17;13/06/2024;17;16/06/2024;1;6;INRA;44.5911924;-0.7637374;1;capture;capture;NCHA100100;Apo;;NCHA100100;16/06/2024;17.06 NEC=3 6 tiques, 0 puce pas de crotte (FA, FA1) mais une stockée avec le tube digestif;F;20.8;adult;91;86;;;;+;+;-;-;+;Apodemus sylvaticus;C_HB;2.11790046781326;-1.0311236375819;C;C;Yes;hedgerows;HB
2,13;Juin_2024;2024;Spring;FRA - BePrep - 28;16/06/2024;28;19/06/2024;1;2;INRA;44.5351155;-0.9081077;1;capture;capture;NCHA100115;mulot;;NCHA100115;19/06/2024;28.02 NEC=3 5 tiques, 3 puces;M;20;adult;94;91;+;14;+;;;;;;Apodemus sylvaticus;C_LB;-0.890446028263637;0.686610940395925;C;C;Yes;hedgerows;LB
2,13;Juin_2024;2024;Spring;FRA - BePrep - 53;19/06/2024;53;22/06/2024;1;2;INRA;44.5148134;-0.5833501;1;capture;capture;NCHA100145;Mulot;;NCHA100145;22/06/2024;53.02 NEC=3 0 tique, 0 puce  Pas de sang;F;17;adult;85;76;;;;+;-;-;-;+;Apodemus sylvaticus;B;;;NA;B;No;broadleaved_forest;B
2,13;Septembre_2024;2024;Autumn;FRA - BePrep - 7;23/09/2024;7;24/09/2024;1;14;INRA;44.6075974;-0.6228871;1;capture;capture;NCHA100165;Mulot;;NCHA100165;24/09/2024;7 tiques, pas de serum;F;17;adult;87;83;;;;-;-;-;-;+;Apodemus sylvaticus;C_LB;2.62784420318873;0.110090629582909;C;C;Yes;hedgerows;LB
2,13;Septembre_2024;2024;Autumn;FRA - BePrep - 9;23/09/2024;9;25/09/2024;2;13;INRA;44.5748528;-0.5607518;1;capture;capture;NCHA100182;mulot;;NCHA100182;25/09/2024;pas de serum;F;20.1;adult;95;88;;;;+;+;+;-;+;Apodemus sylvaticus;NC_LB;0.347884947065335;1.0840139962278;NC;NC;Yes;hedgerows;LB
2,13;Septembre_2024;2024;Autumn;FRA - BePrep - 12;26/09/2024;12;27/09/2024;1;16;INRA;44.5503057;-0.6843658;1;capture;capture;NCHA100209;mulot;;NCHA100209;27/09/2024;5 tiques pas de serum;M;17.9;subadult;87;84;-;4;-;;;;;;Apodemus sylvaticus;C_LB;0.538367756708193;-2.23725658506983;C;C;Yes;hedgerows;LB
2,13;Septembre_2024;2024;Autumn;FRA - BePrep - 47;29/09/2024;47;30/09/2024;1;9;INRA;44.507225;-0.6345878;1;capture;capture;NCHA100282;Mulot;;NCHA100282;30/09/2024;Pas de FA Pas de FA1;F;16.5;subadult;86;89;;;;-;-;-;-;-;Apodemus sylvaticus;B;;;NA;B;No;broadleaved_forest;B
2,12;Juin_2023;2023;Spring;FRA - BePrep - 3;30/05/2023;3;31/05/2023;1;5;INRA;44.573546;-0.585679;1;capture;capture;NCHA100000;mulot;Apodemus;NCHA100000;31/05/2023;gest., flea;F;19.4;adult;86;95;;;;+;-;-;+;+;Apodemus sylvaticus;NC_HB;2.01422890424428;1.58947467505534;NC;NC;Yes;hedgerows;HB
2,12;Juin_2023;2023;Spring;FRA - BePrep - 9;30/05/2023;9;31/05/2023;1;11;INRA;44.574945;-0.5602807;1;capture;capture;NCHA100001;mulot;Apodemus;NCHA100001;31/05/2023;flea, tick larvae;M;26.7;adult;102;100;+;14;+;;;;;;Apodemus sylvaticus;NC_LB;0.347884947065335;1.0840139962278;NC;NC;Yes;hedgerows;LB
2,12;Juin_2023;2023;Spring;FRA - BePrep - 8;30/05/2023;8;01/06/2023;2;18;INRA;44.5930067;-0.6237783;1;capture;capture;NCHA100003;campa?;Apodemus;NCHA100003;01/06/2023;Queue non mesuree;M;21.5;adult;93;;+;14;+;;;;;;Apodemus sylvaticus;CT_HB;0.689200430856328;-7.47935373781791;NA;CT;No;pine_edge;HB
2,12;Juin_2023;2023;Spring;FRA - BePrep - 1;30/05/2023;1;01/06/2023;2;13;INRA;44.6163467;-0.5588059;1;capture;capture;NCHA100004;mulot;Apodemus;NCHA100004;01/06/2023;Puces;M;23.8;adult;101;98;+;14;+;;;;;;Apodemus sylvaticus;NC_LB;-0.247147436579861;0.708253161846475;NC;NC;Yes;hedgerows;LB
2,12;Juin_2023;2023;Spring;FRA - BePrep - 1;30/05/2023;1;01/06/2023;2;19;INRA;44.61654;-0.5583398;1;capture;capture;NCHA100005;mulot;Apodemus;NCHA100005;01/06/2023;Taenia on liver, 1 tick;M;19.4;adult;88;68;+;12;+;;;;;;Apodemus sylvaticus;NC_LB;-0.247147436579861;0.708253161846475;NC;NC;Yes;hedgerows;LB
2,12;Juin_2023;2023;Spring;FRA - BePrep - 7;30/05/2023;7;01/06/2023;2;6;INRA;44.6073674;-0.6226523;1;capture;capture;NCHA100006;mulot;Apodemus;NCHA100006;01/06/2023;2 ticks;M;22.6;adult;104;96;+;12;+;;;;;;Apodemus sylvaticus;C_LB;2.62784420318873;0.110090629582909;C;C;Yes;hedgerows;LB
2,12;Juin_2023;2023;Spring;FRA - BePrep - 10;30/05/2023;10;01/06/2023;2;20;INRA;44.5980769;-0.6418122;1;capture;capture;NCHA100007;dead in trap;Apodemus;NCHA100007;01/06/2023;Gestation, Morte dans le piege;F;17.9;adult;81;85;;;;+;-;-;+;+;Apodemus sylvaticus;CT_LB;0.0987575964904963;-0.669880547107416;NA;CT;No;pine_edge;LB
2,12;Juin_2023;2023;Spring;FRA - BePrep - 1;30/05/2023;1;02/06/2023;3;13;INRA;44.6163467;-0.5588059;1;capture;capture;NCHA100008;mulot;Apodemus;NCHA100008;02/06/2023;;M;27;adult;99;99;+;16;+;;;;;;Apodemus sylvaticus;NC_LB;-0.247147436579861;0.708253161846475;NC;NC;Yes;hedgerows;LB
2,12;Juin_2023;2023;Spring;FRA - BePrep - 29;03/06/2023;29;04/06/2023;1;2;INRA;44.5248244;-0.8866625;1;capture;capture;NCHA100009;mulot;Apodemus;NCHA100009;04/06/2023;Ligne 29 piège 2;M;17.9;adult;85;78;-;13;-;;;;;;Apodemus sylvaticus;NC_HB;-1.52170492626577;0.971762612390185;NC;NC;Yes;hedgerows;HB
2,12;Juin_2023;2023;Spring;FRA - BePrep - 34;03/06/2023;34;04/06/2023;1;13;INRA;44.4913858;-0.8746379;1;capture;capture;NCHA100012;;Apodemus;NCHA100012;04/06/2023;Ligne 34 piège 13 puces & tiques;M;24.4;adult;95;94;+;14;+;;;;;;Apodemus sylvaticus;CT_HB;-2.30109250567411;-3.871268197495;NA;CT;No;pine_edge;HB
2,12;Juin_2023;2023;Spring;FRA - BePrep - 19;03/06/2023;19;05/06/2023;2;16;INRA;44.5874586;-0.9714777;1;capture;capture;NCHA100013;;Apodemus sylvaticus;NCHA100013;05/06/2023;2 ticks or.  no faeces;M;23.9;adult;95;94;+;15;+;;;;;;Apodemus sylvaticus;NC_LB;0.23132417692985;1.3456269148708;NC;NC;Yes;hedgerows;LB
2,12;Juin_2023;2023;Spring;FRA - BePrep - 34;03/06/2023;34;05/06/2023;2;10;INRA;44.491383;-0.8748403;1;capture;capture;NCHA100014;mulot;Apodemus;NCHA100014;05/06/2023;;F;18.5;adult;84;90;;;;+;-;-;-;+;Apodemus sylvaticus;CT_HB;-2.30109250567411;-3.871268197495;NA;CT;No;pine_edge;HB
2,12;Juin_2023;2023;Spring;FRA - BePrep - 31;03/06/2023;31;06/06/2023;3;2;INRA;44.5185326;-0.9367676;1;capture;capture;NCHA100015;mulot;Apodemus;NCHA100015;04/07/2023;fleas , 1 ticks;M;20.1;adult;95;92;+;9;-;;;;;;Apodemus sylvaticus;NC_LB;0.0266631606797758;1.07860749722247;NC;NC;Yes;hedgerows;LB
2,12;Juin_2023;2023;Spring;FRA - BePrep - 21;06/06/2023;21;07/06/2023;1;17;INRA;44.5675742;-0.9779089;1;capture;capture;NCHA100016;Apodemus;Apodemus;NCHA100016;07/06/2023;4 tikcks, ecto;F;25.6;adult;100;98;;;;+;+;+;+;+;Apodemus sylvaticus;NC_LB;-1.30672504872056;0.868921443947109;NC;NC;Yes;hedgerows;LB
2,12;Juin_2023;2023;Spring;FRA - BePrep - 24;06/06/2023;24;08/06/2023;2;17;INRA;44.5980025;-0.9596919;1;capture;capture;NCHA100017;Mulot;Apodemus;NCHA100017;08/06/2023;fleas, ticks, ecto, necrotic lung;M;24.2;adult;98;94;+;14;+;;;;;;Apodemus sylvaticus;C_HB;1.95009365923213;0.714716807085071;C;C;Yes;hedgerows;HB
2,12;Juin_2023;2023;Spring;FRA - BePrep - 21;06/06/2023;21;08/06/2023;2;2;INRA;44.5670833;-0.9779415;1;capture;capture;NCHA100018;Mulot;Apodemus sylvaticus;NCHA100018;08/06/2023;fleas, tikcs, ecto;M;16.8;adult;85;87;+;8;-;;;;;;Apodemus sylvaticus;NC_LB;-1.30672504872056;0.868921443947109;NC;NC;Yes;hedgerows;LB
2,12;Juin_2023;2023;Spring;FRA - BePrep - 25;06/06/2023;25;08/06/2023;2;12;INRA;44.570582;-0.910058;1;capture;capture;NCHA100019;Mulot;Apodemus sylvaticus;NCHA100019;08/06/2023;Fleas et ecto;F;20.7;adult;92;84;;;;-;-;-;-;-;Apodemus sylvaticus;NC_HB;-0.454857635774156;0.952602713524449;NC;NC;Yes;hedgerows;HB
2,12;Juin_2023;2023;Spring;FRA - BePrep - 11;06/06/2023;11;08/06/2023;2;14;INRA;44.5645674;-0.6734888;1;capture;capture;NCHA100020;Mulot;Apodemus sylvaticus;NCHA100020;08/06/2023;6 tikcs;M;25.4;adult;98;97;-;13;+;;;;;;Apodemus sylvaticus;C_LB;-1.26271659357777;1.73735882419767;C;C;Yes;hedgerows;LB
2,12;Juin_2023;2023;Spring;FRA - BePrep - 22;06/06/2023;22;09/06/2023;3;12;INRA;44.5713976;-0.9487719;1;capture;capture;NCHA100022;Mulot;Apodemus sylvaticus;NCHA100022;09/06/2023;5 tikcs;M;21.7;adult;97;92;+;12;+;;;;;;Apodemus sylvaticus;CT_LB;-2.90607687801387;1.86687027342776;NA;CT;No;pine_edge;LB
2,12;Octobre_2023;2023;Autumn;FRA - BePrep - 2;16/10/2023;2;17/10/2023;2;5;INRA;44.605598;-0.5672444;1;capture;capture;NCHA100023;apodemus;Apodemus;NCHA100023;17/10/2023;;M;20.4;adult;95;93;-;10;+;;;;;;Apodemus sylvaticus;C_HB;3.82400731901227;-0.224941305923223;C;C;Yes;hedgerows;HB
2,12;Octobre_2023;2023;Autumn;FRA - BePrep - 1;16/10/2023;1;17/10/2023;2;7;INRA;44.6162002;-0.5588028;1;capture;capture;NCHA100024;apodemus;Apodemus;NCHA100024;17/10/2023;3 Tiques;F;21.9;adult;90;88;;;;-;+;+;-;+;Apodemus sylvaticus;NC_LB;-0.247147436579861;0.708253161846475;NC;NC;Yes;hedgerows;LB
2,12;Octobre_2023;2023;Autumn;FRA - BePrep - 36;16/10/2023;36;17/10/2023;1;18;INRA;44.6448164;-0.6293988;1;capture;capture;NCHA100025;Apodemus;Apodemus;NCHA100025;17/10/2023;;M;26;adult;98;84;-;15;+;;;;;;Apodemus sylvaticus;C_LB;1.49872521905525;-1.64870975988528;C;C;Yes;hedgerows;LB
2,12;Octobre_2023;2023;Autumn;FRA - BePrep - 3;16/10/2023;3;18/10/2023;1;19;INRA;44.5731664;-0.5847229;1;capture;capture;NCHA100026;Apodemus;Apodemus;NCHA100026;18/10/2023;1 Tique;F;19.9;adult;87;82;;;;-;+;+;-;+;Apodemus sylvaticus;NC_HB;2.01422890424428;1.58947467505534;NC;NC;Yes;hedgerows;HB
2,12;Octobre_2023;2023;Autumn;FRA - BePrep - 4;16/10/2023;4;18/10/2023;1;4;INRA;44.5754193;-0.6019849;1;capture;capture;NCHA100027;Apodemus;Apodemus;NCHA100027;18/10/2023;;F;25.6;adult;95;94;;;;-;+;+;+;+;Apodemus sylvaticus;NC_HB;-0.0139154501746544;1.61562865798644;NC;NC;Yes;hedgerows;HB
2,12;Octobre_2023;2023;Autumn;FRA - BePrep - 4;16/10/2023;4;18/10/2023;1;10;INRA;44.5757124;-0.6018157;1;capture;capture;NCHA100028;Apodemus;Apodemus;NCHA100028;18/10/2023;1 Tique;F;20.9;adult;90;78;;;;-;+;+;+;+;Apodemus sylvaticus;NC_HB;-0.0139154501746544;1.61562865798644;NC;NC;Yes;hedgerows;HB
2,12;Octobre_2023;2023;Autumn;FRA - BePrep - 10;16/10/2023;10;18/10/2023;3;12;INRA;44.597418;-0.6428814;1;capture;capture;NCHA100029;apo;Apodemus;NCHA100029;18/10/2023;;F;13;adult;80;69;;;;+;-;-;-;+;Apodemus sylvaticus;CT_LB;0.0987575964904963;-0.669880547107416;NA;CT;No;pine_edge;LB
2,12;Octobre_2023;2023;Autumn;FRA - BePrep - 36;16/10/2023;36;18/10/2023;3;5;INRA;44.644332;-0.629806;1;capture;capture;NCHA100030;mulot;Apodemus;NCHA100030;18/10/2023;;F;24.5;adult;98;80;;;;-;-;+;+;+;Apodemus sylvaticus;C_LB;1.49872521905525;-1.64870975988528;C;C;Yes;hedgerows;LB
2,12;Octobre_2023;2023;Autumn;FRA - BePrep - 9;16/10/2023;9;19/10/2023;3;3;INRA;44.5751609;-0.5599378;1;capture;capture;NCHA100031;apodemus;Apodemus;NCHA100031;19/10/2023;2 tiques (1 seule gardée);M;29.9;adult;120;94;-;14;+;;;;;;Apodemus sylvaticus;NC_LB;0.347884947065335;1.0840139962278;NC;NC;Yes;hedgerows;LB
2,12;Octobre_2023;2023;Autumn;FRA - BePrep - 1;16/10/2023;1;19/10/2023;3;4;INRA;44.6160929;-0.5590476;1;capture;capture;NCHA100032;apodemus;Apodemus;NCHA100032;19/10/2023;2 tiques (1 seule gardée);M;16.2;adult;80;89;+;7;-;;;;;;Apodemus sylvaticus;NC_LB;-0.247147436579861;0.708253161846475;NC;NC;Yes;hedgerows;LB
2,12;Octobre_2023;2023;Autumn;FRA - BePrep - 1;16/10/2023;1;19/10/2023;3;17;INRA;44.6165123;-0.5581867;1;capture;capture;NCHA100033;apodemus;Apodemus;NCHA100033;19/10/2023;2 tiques, 1 puce, acariens orange;F;22.4;adult;89;80;;;;-;+;+;+;+;Apodemus sylvaticus;NC_LB;-0.247147436579861;0.708253161846475;NC;NC;Yes;hedgerows;LB
2,12;Octobre_2023;2023;Autumn;FRA - BePrep - 6;16/10/2023;6;19/10/2023;2;16;INRA;44.5483988;-0.6338664;1;capture;capture;NCHA100034;Apo;Apodemus;NCHA100034;19/10/2023;1 tique (à vérifier !!!);M;16.1;adult;84;78;-;12;+;;;;;;Apodemus sylvaticus;C_HB;1.62244961817534;3.06857891449308;C;C;Yes;hedgerows;HB
2,12;Octobre_2023;2023;Autumn;FRA - BePrep - 6;16/10/2023;6;19/10/2023;2;15;INRA;44.5483636;-0.6338669;1;capture;capture;NCHA100035;Apo;Apodemus;NCHA100035;19/10/2023;1 puce,  pas de crotte Acariens oranges;F;19.3;adult;87;83;;;;-;+;+;-;+;Apodemus sylvaticus;C_HB;1.62244961817534;3.06857891449308;C;C;Yes;hedgerows;HB
2,12;Octobre_2023;2023;Autumn;FRA - BePrep - 9;16/10/2023;9;19/10/2023;3;17;INRA;44.5748597;-0.5608622;1;capture;capture;NCHA100036;apodemus;Apodemus;NCHA100036;19/10/2023;Acariens orange;F;21.3;adult;90;87;;;;-;+;+;-;+;Apodemus sylvaticus;NC_LB;0.347884947065335;1.0840139962278;NC;NC;Yes;hedgerows;LB
2,12;Octobre_2023;2023;Autumn;FRA - BePrep - 7;16/10/2023;7;19/10/2023;2;13;INRA;44.6075775;-0.6228776;1;capture;capture;NCHA100037;Apo;Apodemus;NCHA100037;19/10/2023;;F;19.3;adult;87;84;;;;-;+;+;-;+;Apodemus sylvaticus;C_LB;2.62784420318873;0.110090629582909;C;C;Yes;hedgerows;LB
2,12;Octobre_2023;2023;Autumn;FRA - BePrep - 10;16/10/2023;10;19/10/2023;2;9;INRA;44.5973917;-0.6429959;1;capture;capture;NCHA100038;Apo;Apodemus;NCHA100038;19/10/2023;1 tique;F;13.9;adult;75;75;;;;-;+;+;+;+;Apodemus sylvaticus;CT_LB;0.0987575964904963;-0.669880547107416;NA;CT;No;pine_edge;LB
2,12;Octobre_2023;2023;Autumn;FRA - BePrep - 36;16/10/2023;36;19/10/2023;2;9;INRA;44.6444862;-0.629609;1;capture;capture;NCHA100039;Apo;Apodemus;NCHA100039;19/10/2023;;M;15.1;adult;82;78;+;6;-;;;;;;Apodemus sylvaticus;C_LB;1.49872521905525;-1.64870975988528;C;C;Yes;hedgerows;LB
2,12;Octobre_2023;2023;Autumn;FRA - BePrep - 11;19/10/2023;11;20/10/2023;1;13;INRA;44.5645201;-0.6732987;1;capture;capture;NCHA100040;Apodemus;Apodemus;NCHA100040;20/10/2023;2 tiques;F;29.6;adult;104;88;;;;-;+;+;-;+;Apodemus sylvaticus;C_LB;-1.26271659357777;1.73735882419767;C;C;Yes;hedgerows;LB
2,12;Octobre_2023;2023;Autumn;FRA - BePrep - 16;19/10/2023;16;20/10/2023;1;18;INRA;44.5621934;-0.7652503;1;capture;capture;NCHA100041;Apo;Apodemus;NCHA100041;20/10/2023;1 tique ?;M;23.7;adult;94;81;+;10;+;;;;;;Apodemus sylvaticus;NC_LB;-0.777086581140325;1.66569994334421;NC;NC;Yes;hedgerows;LB
2,12;Octobre_2023;2023;Autumn;FRA - BePrep - 21;19/10/2023;21;20/10/2023;1;18;INRA;44.5680867;-0.9779103;1;capture;capture;NCHA100042;apodemus;Apodemus;NCHA100042;20/10/2023;;F;23.2;adult;88;92;;;;-;+;+;-;+;Apodemus sylvaticus;NC_LB;-1.30672504872056;0.868921443947109;NC;NC;Yes;hedgerows;LB
2,12;Octobre_2023;2023;Autumn;FRA - BePrep - 21;19/10/2023;21;20/10/2023;1;12;INRA;44.5677527;-0.9778951;1;capture;capture;NCHA100043;apodemus;Apodemus;NCHA100043;20/10/2023;1 tique;F;26;adult;93;76;;;;-;+;+;-;+;Apodemus sylvaticus;NC_LB;-1.30672504872056;0.868921443947109;NC;NC;Yes;hedgerows;LB
2,12;Octobre_2023;2023;Autumn;FRA - BePrep - 13;19/10/2023;13;21/10/2023;2;15;INRA;44.5209094;-0.7381036;1;capture;capture;NCHA100044;Apodemus mort dans piège;Apodemus;NCHA100044;21/10/2023;Mort dans le piège, Pas de crotte prelevee;F;9.5;adult;55;66;;;;+;-;-;-;+;Apodemus sylvaticus;NC_HB;0.853337899264084;1.02709481519685;NC;NC;Yes;hedgerows;HB
2,12;Octobre_2023;2023;Autumn;FRA - BePrep - 16;19/10/2023;16;21/10/2023;2;10;INRA;44.5620604;-0.7647272;1;capture;capture;NCHA100045;Apodemus mort dans piège;Apodemus;NCHA100045;21/10/2023;Mort dans le piège, Pas de crotte prelevee;F;27.7;adult;78;95;;;;-;+;+;-;+;Apodemus sylvaticus;NC_LB;-0.777086581140325;1.66569994334421;NC;NC;Yes;hedgerows;LB
2,12;Octobre_2023;2023;Autumn;FRA - BePrep - 14;19/10/2023;14;21/10/2023;2;16;INRA;44.5753327;-0.7916887;1;capture;capture;NCHA100046;apodemus;Apodemus;NCHA100046;21/10/2023;Queue coupée;F;23.8;adult;96;;;;;+;+;+;-;+;Apodemus sylvaticus;CT_HB;-3.25903451182526;1.74959970094023;NA;CT;No;pine_edge;HB
2,12;Octobre_2023;2023;Autumn;FRA - BePrep - 12;19/10/2023;12;21/10/2023;2;11;INRA;44.5497184;-0.6847641;1;capture;capture;NCHA100047;Apodemus mort dans piège;Apodemus;NCHA100047;21/10/2023;Mort dans le piège, Pas de crotte prelevee;F;20.8;adult;80;97;;;;+;+;+;+;+;Apodemus sylvaticus;C_LB;0.538367756708193;-2.23725658506983;C;C;Yes;hedgerows;LB
2,12;Octobre_2023;2023;Autumn;FRA - BePrep - 12;19/10/2023;12;21/10/2023;2;14;INRA;44.5496584;-0.6848675;1;capture;capture;NCHA100048;Apodemus;Apodemus;NCHA100048;21/10/2023;;F;25.2;adult;95;96;;;;+;+;+;+;+;Apodemus sylvaticus;C_LB;0.538367756708193;-2.23725658506983;C;C;Yes;hedgerows;LB
2,12;Octobre_2023;2023;Autumn;FRA - BePrep - 14;19/10/2023;14;21/10/2023;2;11;INRA;44.5755322;-0.7916083;1;capture;capture;NCHA100049;apodemus;Apodemus;NCHA100049;21/10/2023;4 tiques, 1 puce;M;27.7;adult;102;99;+;15;+;;;;;;Apodemus sylvaticus;CT_HB;-3.25903451182526;1.74959970094023;NA;CT;No;pine_edge;HB
2,12;Octobre_2023;2023;Autumn;FRA - BePrep - 17;19/10/2023;17;21/10/2023;2;5;INRA;44.5912003;-0.7637694;1;capture;capture;NCHA100052;Apodemus;Apodemus;NCHA100052;21/10/2023;1 puce;M;20.2;adult;90;85;+;15;+;;;;;;Apodemus sylvaticus;C_HB;2.11790046781326;-1.0311236375819;C;C;Yes;hedgerows;HB
2,12;Octobre_2023;2023;Autumn;FRA - BePrep - 11;19/10/2023;11;21/10/2023;2;1;INRA;44.5643402;-0.6725713;1;capture;capture;NCHA100053;Apodemus;Apodemus;NCHA100053;21/10/2023;1 tique;M;24.5;adult;96;83;+;15;+;;;;;;Apodemus sylvaticus;C_LB;-1.26271659357777;1.73735882419767;C;C;Yes;hedgerows;LB
2,12;Octobre_2023;2023;Autumn;FRA - BePrep - 11;19/10/2023;11;21/10/2023;2;5;INRA;44.5643841;-0.6728387;1;capture;capture;NCHA100054;Apodemus;Apodemus;NCHA100054;21/10/2023;Acariens orange;M;24.7;adult;97;94;-;14;+;;;;;;Apodemus sylvaticus;C_LB;-1.26271659357777;1.73735882419767;C;C;Yes;hedgerows;LB
2,12;Octobre_2023;2023;Autumn;FRA - BePrep - 25;19/10/2023;25;22/10/2023;3;11;INRA;44.5702648;-0.9101935;1;capture;capture;NCHA100055;apodemus;Apodemus;NCHA100055;22/10/2023;4 tiques, puces;M;23.7;adult;99;93;-;15;+;;;;;;Apodemus sylvaticus;NC_HB;-0.454857635774156;0.952602713524449;NC;NC;Yes;hedgerows;HB
2,12;Octobre_2023;2023;Autumn;FRA - BePrep - 11;19/10/2023;11;22/10/2023;3;15;INRA;44.5645445;-0.6734369;1;capture;capture;NCHA100059;Apodemus;Apodemus;NCHA100059;22/10/2023;;F;22.6;adult;89;90;;;;+;+;+;-;+;Apodemus sylvaticus;C_LB;-1.26271659357777;1.73735882419767;C;C;Yes;hedgerows;LB
2,12;Octobre_2023;2023;Autumn;FRA - BePrep - 12;19/10/2023;12;22/10/2023;3;14;INRA;44.5496584;-0.6848675;1;capture;capture;NCHA100060;Apodemus;Apodemus;NCHA100060;22/10/2023;Puces;M;18.9;adult;90;82;+;12;+;;;;;;Apodemus sylvaticus;C_LB;0.538367756708193;-2.23725658506983;C;C;Yes;hedgerows;LB
2,12;Octobre_2023;2023;Autumn;FRA - BePrep - 24;19/10/2023;24;23/10/2023;4;16;INRA;44.5974197;-0.9597528;1;capture;capture;NCHA100061;;Apodemus;NCHA100061;23/10/2023;;F;17;adult;82;74;;;;-;-;-;+;+;Apodemus sylvaticus;C_HB;1.95009365923213;0.714716807085071;C;C;Yes;hedgerows;HB
2,12;Octobre_2023;2023;Autumn;FRA - BePrep - 13;19/10/2023;13;23/10/2023;4;14;INRA;44.5208962;-0.7380801;1;capture;capture;NCHA100062;Apodemus;Apodemus;NCHA100062;23/10/2023;1 tique;F;16.1;adult;76;74;;;;+;-;-;-;+;Apodemus sylvaticus;NC_HB;0.853337899264084;1.02709481519685;NC;NC;Yes;hedgerows;HB
2,12;Octobre_2023;2023;Autumn;FRA - BePrep - 13;19/10/2023;13;23/10/2023;4;7;INRA;44.5207082;-0.7377291;1;capture;capture;NCHA100063;Apodemus;Apodemus;NCHA100063;23/10/2023;1 tique;F;13.5;adult;77;74;;;;+;-;-;-;+;Apodemus sylvaticus;NC_HB;0.853337899264084;1.02709481519685;NC;NC;Yes;hedgerows;HB
2,12;Octobre_2023;2023;Autumn;FRA - BePrep - 33;23/10/2023;33;24/10/2023;1;16;INRA;44.4889188;-0.9003003;1;capture;capture;NCHA100064;Apodemus;Apodemus;NCHA100064;24/10/2023;3 tiques;M;12.8;adult;76;68;+;7;-;;;;;;Apodemus sylvaticus;C_LB;1.32747440211401;-2.21374838569615;C;C;Yes;hedgerows;LB
2,12;Octobre_2023;2023;Autumn;FRA - BePrep - 31;23/10/2023;31;25/10/2023;3;14;INRA;44.5186389;-0.9367299;1;capture;capture;NCHA100065;apodemus;Apodemus;NCHA100065;25/10/2023;;F;29.6;adult;102;90;;;;+;+;;+;+;Apodemus sylvaticus;NC_LB;0.0266631606797758;1.07860749722247;NC;NC;Yes;hedgerows;LB
2,12;Octobre_2023;2023;Autumn;FRA - BePrep - 35;23/10/2023;35;25/10/2023;3;8;INRA;44.4834079;-0.8553532;1;capture;capture;NCHA100066;apodemus;Apodemus;NCHA100066;25/10/2023;3 tiques;F;21.3;adult;100;87;;;;+;+;+;-;+;Apodemus sylvaticus;CT_LB;-1.60096230553821;-1.42152387635907;NA;CT;No;pine_edge;LB
2,12;Octobre_2023;2023;Autumn;FRA - BePrep - 35;23/10/2023;35;25/10/2023;3;1;INRA;44.48322;-0.8547372;1;capture;capture;NCHA100067;apodemus;Apodemus;NCHA100067;25/10/2023;;F;19.7;adult;94;91;;;;-;+;+;-;+;Apodemus sylvaticus;CT_LB;-1.60096230553821;-1.42152387635907;NA;CT;No;pine_edge;LB
2,12;Octobre_2023;2023;Autumn;FRA - BePrep - 35;23/10/2023;35;25/10/2023;3;7;INRA;44.483364;-0.8551839;1;capture;capture;NCHA100069;apodemus;Apodemus;NCHA100069;25/10/2023;1 tique;M;15.8;adult;86;93;+;6;-;;;;;;Apodemus sylvaticus;CT_LB;-1.60096230553821;-1.42152387635907;NA;CT;No;pine_edge;LB
2,12;Octobre_2023;2023;Autumn;FRA - BePrep - 26;23/10/2023;26;25/10/2023;2;10;INRA;44.5473823;-0.8932381;1;capture;capture;NCHA100070;mulot;Apodemus;NCHA100070;25/10/2023;11 tiques, acarien (probablement Neotrombicula ?);M;24;adult;100;95;+;11;+;;;;;;Apodemus sylvaticus;CT_HB;;;NA;CT;No;pine_edge;HB
2,12;Octobre_2023;2023;Autumn;FRA - BePrep - 20;23/10/2023;20;26/10/2023;3;13;INRA;44.5861412;-0.9568604;1;capture;capture;NCHA100073;Apodemus mort;Apodemus;NCHA100073;26/10/2023;mort dans le piège, pas de crottes;F;26.1;adult;89;81;;;;-;+;;+;+;Apodemus sylvaticus;C_HB;2.00252999721784;3.49888563791474;C;C;Yes;hedgerows;HB
2,12;Octobre_2023;2023;Autumn;FRA - BePrep - 19;23/10/2023;19;26/10/2023;3;2;INRA;44.5878233;-0.9710722;1;capture;capture;NCHA100074;Apodemus;Apodemus;NCHA100074;26/10/2023;;M;24;adult;91;90;-;13;+;;;;;;Apodemus sylvaticus;NC_LB;0.23132417692985;1.3456269148708;NC;NC;Yes;hedgerows;LB
2,12;Octobre_2023;2023;Autumn;FRA - BePrep - 34;23/10/2023;34;26/10/2023;2;12;INRA;44.4913507;-0.8747925;1;capture;capture;NCHA100075;mulot;Apodemus;NCHA100075;26/10/2023;1 tique;M;21.2;adult;85;81;-;11;-;;;;;;Apodemus sylvaticus;CT_HB;-2.30109250567411;-3.871268197495;NA;CT;No;pine_edge;HB
2,12;Octobre_2023;2023;Autumn;FRA - BePrep - 35;23/10/2023;35;26/10/2023;2;14;INRA;44.4835788;-0.8557638;1;capture;capture;NCHA100076;mulot;Apodemus;NCHA100076;26/10/2023;;M;24.6;adult;91;92;-;10;+;;;;;;Apodemus sylvaticus;CT_LB;-1.60096230553821;-1.42152387635907;NA;CT;No;pine_edge;LB
2,12;Juin_2023;2023;Spring;FRA - BePrep - 1;30/05/2023;1;01/06/2023;2;7;INRA;44.6161281;-0.5590993;1;capture;capture;NCHA100002;;Apodemus;NCHA100002;01/06/2023;Fleas, 1 Tick;F;13.5;subadult;76;76;;;;-;-;-;-;-;Apodemus sylvaticus;NC_LB;-0.247147436579861;0.708253161846475;NC;NC;Yes;hedgerows;LB
2,12;Juin_2023;2023;Spring;FRA - BePrep - 26;03/06/2023;26;04/06/2023;1;14;INRA;44.5472608;-0.8933408;1;capture;capture;NCHA100010;mulot;Apodemus;NCHA100010;04/06/2023;Ligne 26 piège 14 2 ticks on ear;F;14.6;subadult;79;79;;;;-;-;-;-;-;Apodemus sylvaticus;CT_HB;;;NA;CT;No;pine_edge;HB
2,12;Juin_2023;2023;Spring;FRA - BePrep - 23;06/06/2023;23;09/06/2023;3;1;INRA;44.578508;-0.904871;1;capture;capture;NCHA100021;Mulot;Apodemus sylvaticus;NCHA100021;09/06/2023;4 tikcs;F;14.3;subadult;78;77;;;;-;-;-;-;-;Apodemus sylvaticus;CT_HB;-2.2020829635987;1.00721205989026;NA;CT;No;pine_edge;HB
2,12;Octobre_2023;2023;Autumn;FRA - BePrep - 21;19/10/2023;21;21/10/2023;2;9;INRA;44.5675485;-0.9778997;1;capture;capture;NCHA100051;apodemus;Apodemus;NCHA100051;21/10/2023;;M;16.1;subadult;82;76;-;4;-;;;;;;Apodemus sylvaticus;NC_LB;-1.30672504872056;0.868921443947109;NC;NC;Yes;hedgerows;LB
2,12;Octobre_2023;2023;Autumn;FRA - BePrep - 21;19/10/2023;21;22/10/2023;3;9;INRA;44.5675485;-0.9778997;1;capture;capture;NCHA100057;apodemus;Apodemus;NCHA100057;22/10/2023;;M;16.7;subadult;86;74;-;4;-;;;;;;Apodemus sylvaticus;NC_LB;-1.30672504872056;0.868921443947109;NC;NC;Yes;hedgerows;LB
2,12;Octobre_2023;2023;Autumn;FRA - BePrep - 11;19/10/2023;11;22/10/2023;3;7;INRA;44.5644153;-0.6729203;1;capture;capture;NCHA100058;Apodemus;Apodemus;NCHA100058;22/10/2023;Juvenile, organes sexuels pas visibles (dans TD?), Acariens orange;;16.1;subadult;76;69;;;;;;;;;Apodemus sylvaticus;C_LB;-1.26271659357777;1.73735882419767;C;C;Yes;hedgerows;LB
2,12;Octobre_2023;2023;Autumn;FRA - BePrep - 26;23/10/2023;26;25/10/2023;2;11;INRA;44.5473416;-0.893301;1;capture;capture;NCHA100071;mulot;Apodemus;NCHA100071;25/10/2023;3 tiques;F;14.5;subadult;81;78;;;;-;-;-;-;-;Apodemus sylvaticus;CT_HB;;;NA;CT;No;pine_edge;HB
2,12;Octobre_2023;2023;Autumn;FRA - BePrep - 28;23/10/2023;28;25/10/2023;2;18;INRA;44.5347087;-0.9072667;1;capture;capture;NCHA100072;mulot;Apodemus;NCHA100072;25/10/2023;;M;14.4;subadult;81;82;-;4;-;;;;;;Apodemus sylvaticus;C_LB;-0.890446028263637;0.686610940395925;C;C;Yes;hedgerows;LB
2,12;Octobre_2023;2023;Autumn;FRA - BePrep - 35;23/10/2023;35;26/10/2023;2;10;INRA;44.4834422;-0.8553922;1;capture;capture;NCHA100077;mulot;Apodemus;NCHA100077;26/10/2023;;M;14.6;subadult;83;79;-;5;-;;;;;;Apodemus sylvaticus;CT_LB;-1.60096230553821;-1.42152387635907;NA;CT;No;pine_edge;LB
1,12;Juin_2024;2024;Spring;FRA - BePrep - 29;16/06/2024;29;17/06/2024;3;18;INRA;44.5251632;-0.886079;1;capture;capture;NCHA100103;mulot;;NCHA100103;17/06/2024;29.18 NEC=3 1 tique, 0 puce;M;11;juvenile;71;69;-;6;-;;;;;;Apodemus sylvaticus;NC_HB;-1.52170492626577;0.971762612390185;NC;NC;Yes;hedgerows;HB
1,12;Juin_2024;2024;Spring;FRA - BePrep - 29;16/06/2024;29;19/06/2024;1;20;INRA;44.5252468;-0.8860356;1;capture;capture;NCHA100114;mulot;;NCHA100114;19/06/2024;29.20 NEC=3 Beaucoup de tiques, 0 puce;M;11.7;juvenile;75;71;-;4;-;;;;;;Apodemus sylvaticus;NC_HB;-1.52170492626577;0.971762612390185;NC;NC;Yes;hedgerows;HB
1,12;Juin_2024;2024;Spring;FRA - BePrep - 18;13/06/2024;18;16/06/2024;1;15;INRA;44.5783896;-0.7069796;1;capture;capture;NCHA100101;mulot;;NCHA100101;16/06/2024;18.15 NEC=3 0 tique, 1 puce Pelage gris brun (sur le dos) Pas de tube SP2 car rate trop petite Pas de sang;F;4.8;juvenile;54;56;;;;-;-;-;-;-;Apodemus sylvaticus;CT_HB;-0.262889181554185;-2.13018836134798;NA;CT;No;pine_edge;HB
1,12;Septembre_2024;2024;Autumn;FRA - BePrep - 1;23/09/2024;1;24/09/2024;1;20;INRA;44.6163359;-0.5585284;1;capture;capture;NCHA100168;mulot;;NCHA100168;24/09/2024;1 tique, pelage gris;F;8.2;juvenile;66;69;;;;-;-;-;-;-;Apodemus sylvaticus;NC_LB;-0.247147436579861;0.708253161846475;NC;NC;Yes;hedgerows;LB
1,12;Septembre_2024;2024;Autumn;FRA - BePrep - 4;23/09/2024;4;25/09/2024;2;15;INRA;44.5761397;-0.6016269;1;capture;capture;NCHA100178;mulot;;NCHA100178;25/09/2024;1 puce, pas de serum;M;7.7;juvenile;65;58;-;4;-;;;;;;Apodemus sylvaticus;NC_HB;-0.0139154501746544;1.61562865798644;NC;NC;Yes;hedgerows;HB
1,12;Septembre_2024;2024;Autumn;FRA - BePrep - 7;23/09/2024;7;25/09/2024;2;6;INRA;44.6072396;-0.6224984;1;capture;capture;NCHA100180;mulot;;NCHA100180;25/09/2024;;M;9.8;juvenile;70;74;-;7;-;;;;;;Apodemus sylvaticus;C_LB;2.62784420318873;0.110090629582909;C;C;Yes;hedgerows;LB
1,12;Septembre_2024;2024;Autumn;FRA - BePrep - 38;23/09/2024;38;25/09/2024;2;2;INRA;44.6596176;-0.5726356;1;capture;capture;NCHA100185;mulôt;;NCHA100185;25/09/2024;pelage gris;M;9.7;juvenile;71;73;-;5;-;;;;;;Apodemus sylvaticus;B;;;NA;B;No;broadleaved_forest;B
1,12;Septembre_2024;2024;Autumn;FRA - BePrep - 38;23/09/2024;38;25/09/2024;2;15;INRA;44.6591874;-0.5729889;1;capture;capture;NCHA100187;mulot;;NCHA100187;25/09/2024;pelage gris;F;12;juvenile;76;80;;;;-;-;-;-;-;Apodemus sylvaticus;B;;;NA;B;No;broadleaved_forest;B
1,12;Septembre_2024;2024;Autumn;FRA - BePrep - 4;23/09/2024;4;26/09/2024;3;19;INRA;44.5764191;-0.6014507;1;capture;capture;NCHA100191;Mulot;;NCHA100191;26/09/2024;2 tiques, pelage gris;F;8.1;juvenile;66;61;;;;-;-;-;-;-;Apodemus sylvaticus;NC_HB;-0.0139154501746544;1.61562865798644;NC;NC;Yes;hedgerows;HB
1,12;Septembre_2024;2024;Autumn;FRA - BePrep - 4;23/09/2024;4;26/09/2024;3;10;INRA;44.5757899;-0.6017242;1;capture;capture;NCHA100193;Mulot;;NCHA100193;26/09/2024;pas de serum;F;6.8;juvenile;59;49;;;;-;-;-;-;-;Apodemus sylvaticus;NC_HB;-0.0139154501746544;1.61562865798644;NC;NC;Yes;hedgerows;HB
1,12;Septembre_2024;2024;Autumn;FRA - BePrep - 4;23/09/2024;4;26/09/2024;3;13;INRA;44.5760237;-0.6016773;1;capture;capture;NCHA100194;Mulot;;NCHA100194;26/09/2024;2 tiques, pas de serum;M;12.2;juvenile;78;70;-;4;-;;;;;;Apodemus sylvaticus;NC_HB;-0.0139154501746544;1.61562865798644;NC;NC;Yes;hedgerows;HB
1,12;Septembre_2024;2024;Autumn;FRA - BePrep - 1;23/09/2024;1;26/09/2024;3;2;INRA;44.6160206;-0.5591983;1;capture;capture;NCHA100197;mulot;;NCHA100197;26/09/2024;4 tiques Pas de serum;M;6.5;juvenile;60;55;-;4;-;;;;;;Apodemus sylvaticus;NC_LB;-0.247147436579861;0.708253161846475;NC;NC;Yes;hedgerows;LB
1,12;Septembre_2024;2024;Autumn;FRA - BePrep - 1;23/09/2024;1;26/09/2024;3;11;INRA;44.616257;-0.5588187;1;capture;capture;NCHA100198;mulot;;NCHA100198;26/09/2024;2 tiques;M;8.8;juvenile;65;62;-;6;-;;;;;;Apodemus sylvaticus;NC_LB;-0.247147436579861;0.708253161846475;NC;NC;Yes;hedgerows;LB
1,12;Septembre_2024;2024;Autumn;FRA - BePrep - 36;26/09/2024;36;28/09/2024;2;14;INRA;44.6447949;-0.629446;1;capture;capture;NCHA100236;Mulot;;NCHA100236;28/09/2024;;F;10;juvenile;71;75;;;;-;-;-;-;-;Apodemus sylvaticus;C_LB;1.49872521905525;-1.64870975988528;C;C;Yes;hedgerows;LB
1,12;Septembre_2024;2024;Autumn;FRA - BePrep - 48;29/09/2024;48;30/09/2024;1;9;INRA;44.5074315;-0.6408309;1;capture;capture;NCHA100266;Mulot;;NCHA100266;30/09/2024;Pas de serum;F;13;juvenile;77;71;;;;-;-;-;-;-;Apodemus sylvaticus;B;;;NA;B;No;broadleaved_forest;B
1,12;Septembre_2024;2024;Autumn;FRA - BePrep - 53;29/09/2024;53;30/09/2024;1;18;INRA;44.5143485;-0.5831616;1;capture;capture;NCHA100286;Mulot;;NCHA100286;30/09/2024;16 tiques pas de serum;F;12.2;juvenile;74;74;;;;-;-;-;-;-;Apodemus sylvaticus;B;;;NA;B;No;broadleaved_forest;B
1,11;Juin_2023;2023;Spring;FRA - BePrep - 30;03/06/2023;30;04/06/2023;1;2;INRA;44.5176869;-0.8869682;1;capture;capture;NCHA100011;mulot;Apodemus;NCHA100011;04/06/2023;Ligne 30 piège 2 pas de parasites internes ni externes;F;11;juvenile;70;66;;;;-;-;-;-;-;Apodemus sylvaticus;C_HB;1.17562159363798;0.976198950448649;C;C;Yes;hedgerows;HB
1,11;Octobre_2023;2023;Autumn;FRA - BePrep - 14;19/10/2023;14;22/10/2023;3;19;INRA;44.5751985;-0.7917168;1;capture;capture;NCHA100056;Apodemus;Apodemus;NCHA100056;22/10/2023;Juvenile, organes sexuels pas visibles (dans TD !), 2 tiques;;9.9;juvenile;69;67;;;;;;;;;Apodemus sylvaticus;CT_HB;-3.25903451182526;1.74959970094023;NA;CT;No;pine_edge;HB
